inventory_tracker,opt_3,handle,tags,upc,weight,status,product_category,url,opt_1_val,weight_grams,descr,opt_3_val,title,vendor,image_url,cat_name,price,type,product_id,var_id,opt_1,sku,cost,opt_2_val,opt_2,inventory_quantity,published,compare,var_image_url,debug_1,cert,debug_2,debug_3,cat
,,,,8809447251394,,UPD,,,,,"Description
      







SIZE: 50MLSKIN TYPE: ALL SKIN TYPES | SENSITIVE SKIN | ACNE-PRONE | DRY SKINIDEAL FOR: SOOTHING | INTENSE HYDRATION | NOURISHING | REGENERATE SKIN | BLEMISHES | ANTI-AGING | STRENGTHENS SKIN BARRIER | DARK SPOTS | HYPERPIGMENTATION | ELASTICITY  |ANTIOXIDANT PROTECTION | FINE LINES | WRINKLES | GLOWING | RADIANCE | CALMING IRRITATION  FORMULATION: CREAM | LIGHTWEIGHT |VEGAN | PARABEN FREE | FRAGRANCE FREE 
Dr. Althea 345 Relief Cream is a lightweight, nutrient-rich gel-cream designed to soothe, nourish, and regenerate the skin while addressing acne aftermath, blemishes, and signs of aging. Enriched with Niacinamide, Panthenol, and Opuntia Ficus-Indica Stem Extract (10,000ppm each), it strengthens the moisture barrier, regulates oil production, fades dark spots, and provides deep hydration for dry and sensitive skin. The addition of Resveratrol delivers powerful antioxidant protection, enhances cell turnover, and improves elasticity, while Adenosine smooths fine lines for a glowing complexion.
The formula also features Centella Asiatica Extract and plant-based hydrators that calm irritation, alongside Calendula Extract, Sunflower Extract, and Propolis to provide long-lasting moisture and nourishment. Its multi-layered cream structure ensures continuous hydration without a greasy residue, making it suitable for sensitive skin. Vegan-certified and EWG Green Grade-rated, it is free of parabens, sulfates, artificial colors, animal products, alcohol, mineral oil, and fragrance, prioritizing both skin and environmental safety.
HOW TO USE





Wash your face with a gentle cleanser suited for your skin type.


Apply less viscous skincare products like toner first.


Apply an adequate amount of the 345 Barrier Cream as your final or semi-final step in your skincare routine.



***For external use only. Always patch test before use to check for sensitivity. Discontinue if irritation occurs, and consult a dermatologist if needed. Results may vary depending on individual skin type and condition.


INGREDIENTS
Key Ingredients:


Niacinamide: Enhances skin's moisture barrier, regulates oil production, brightens skin tone, and fades dark spots.

Panthenol: Provides hydration, soothes and repairs irritated skin.

Oenothera Biennis (Evening Primrose) Flower Extract: Moisturizes and helps improve skin elasticity.

Curcuma Longa (Turmeric) Root Extract: Antioxidant-rich, brightens skin and reduces inflammation.

Centella Asiatica Leaf Extract: Calms and heals the skin, promotes collagen production.

Sodium Hyaluronate: Powerful humectant that draws moisture into the skin, hydrating and plumping.

Adenosine: Soothes, reduces the appearance of wrinkles, and promotes collagen production.

Tocopherol (Vitamin E): Antioxidant that protects the skin from free radical damage.

Ceramide NP: Helps restore the skin barrier and retain moisture.

Water, Propanediol, Glycerin, Cyclohexasiloxane, 1,2-Hexanediol, Caprylic/Capric Triglyceride, Niacinamide, Panthenol, Polyglycerin-3, Polyglyceryl-10 Stearate, Hydrogenated Poly(C6-14 Olefin), Hydrogenated Polydecene, Laminaria Japonica Extract, Eclipta Prostrata Leaf Extract, Melia Azadirachta Flower Extract, Houttuynia Cordata Extract, Melia Azadirachta Leaf Extract, Oenothera Biennis (Evening Primrose) Flower Extract, Curcuma Longa (Turmeric) Root Extract, Ocimum Sanctum Leaf Extract, Calendula Officinalis Flower Extract, Agave Tequilana Leaf Extract, Sargassum Fulvellum Extract, Corallina Officinalis Extract, Lavandula Angustifolia (Lavender) Flower Extract, Centella Asiatica Leaf Extract, Opuntia Ficus-Indica Stem Extract, Gardenia Florida Fruit Extract, Perilla Ocymoides Leaf Extract, Hibiscus Sabdariffa Flower Extract, Sodium Hyaluronate, Hydrogenated Lecithin, Empetrum Nigrum Fruit Juice, Dicaprylyl Carbonate, C14-22 Alcohols, Ammonium Acryloyldimethyltaurate/Vp Copolymer, Polymethylsilsesquioxane, Dipropylene Glycol, Butylene Glycol, C12-20 Alkyl Glucoside, Acrylates/C10-30 Alkyl Acrylate Crosspolymer, Ethylhexylglycerin, Polyquaternium-51, Tromethamine, Fructooligosaccharides, Adenosine, Beta-Glucan, Glycine Soja (Soybean) Sterols, PEG-40 Castor Oil, Hydrolyzed Hyaluronic Acid, Resveratrol, Tocopherol, Ceramide Np, Oligopeptide-1, Phenoxyethanol, Potassium Sorbate
*This list of ingredients represents all options or variants of this product. Actual ingredients in a given product option may vary from this list.
*Ingredients subject to change at manufacturer's discretion. For the most complete and up-to-date list of ingredients, please refer to product packaging or manufacturer's website.",,DR ALTHEA 345 Relief Cream 50mL,KBeauty,"//kbeauty.ca/cdn/shop/files/DR_ALTHEA_345_Relief_Cream_50mL_2.webp?v=1747992181&width=1000, //kbeauty.ca/cdn/shop/files/DR_ALTHEA_345_Relief_Cream_50mL_5.webp?v=1747992178&width=1000, //kbeauty.ca/cdn/shop/files/DR_ALTHEA_345_Relief_Cream_50mL_6.webp?v=1747992189&width=1000, //kbeauty.ca/cdn/shop/files/DR_ALTHEA_345_Relief_Cream_50mL8.webp?v=1747992187&width=1000, //kbeauty.ca/cdn/shop/files/DR_ALTHEA_345_Relief_Cream_50mL_1.webp?v=1747992175&width=1000, //kbeauty.ca/cdn/shop/files/DR_ALTHEA_345_Relief_Cream_50mL7.webp?v=1747992182&width=1000, //kbeauty.ca/cdn/shop/files/DR_ALTHEA_345_Relief_Cream_50mL10.webp?v=1747992179&width=1000, //kbeauty.ca/cdn/shop/files/DR_ALTHEA_345_Relief_Cream_50mL_9.webp?v=1747992185&width=1000, //kbeauty.ca/cdn/shop/files/DR_ALTHEA_345_Relief_Cream_50mL_3.webp?v=1747992183&width=1000, //kbeauty.ca/cdn/shop/files/DR_ALTHEA_345_Relief_Cream_50mL_4.webp?v=1747992176&width=1000",,$28.85,,110,8809447251394,,8809447251394,,,,,,$33.95,"//kbeauty.ca/cdn/shop/files/DR_ALTHEA_345_Relief_Cream_50mL_2.webp?v=1747992181&width=1000, //kbeauty.ca/cdn/shop/files/DR_ALTHEA_345_Relief_Cream_50mL_5.webp?v=1747992178&width=1000, //kbeauty.ca/cdn/shop/files/DR_ALTHEA_345_Relief_Cream_50mL_6.webp?v=1747992189&width=1000, //kbeauty.ca/cdn/shop/files/DR_ALTHEA_345_Relief_Cream_50mL8.webp?v=1747992187&width=1000, //kbeauty.ca/cdn/shop/files/DR_ALTHEA_345_Relief_Cream_50mL_1.webp?v=1747992175&width=1000, //kbeauty.ca/cdn/shop/files/DR_ALTHEA_345_Relief_Cream_50mL7.webp?v=1747992182&width=1000, //kbeauty.ca/cdn/shop/files/DR_ALTHEA_345_Relief_Cream_50mL10.webp?v=1747992179&width=1000, //kbeauty.ca/cdn/shop/files/DR_ALTHEA_345_Relief_Cream_50mL_9.webp?v=1747992185&width=1000, //kbeauty.ca/cdn/shop/files/DR_ALTHEA_345_Relief_Cream_50mL_3.webp?v=1747992183&width=1000, //kbeauty.ca/cdn/shop/files/DR_ALTHEA_345_Relief_Cream_50mL_4.webp?v=1747992176&width=1000",,,,,
,,,,88099827769866,,UPD,,,,,"Description
      







SIZE: 55gSKIN TYPE: ALL SKIN TYPES IDEAL FOR:  DARK SPOT BRIGHTENING | FADES PERSISTENT BLEMISHES | INTENSE HYDRATION | SKIN TEXTURE | SKIN BARRIER STRENGTHENING | ANTI-AGING | ELASTICITY  | UNEVEN SKIN TONE | HYPERPIGMENTATION | CALM IRRITATION | RADIANCE | GLOWINGFORMULATION: CAPSULE CREAM | HYPOALLERGENIC | DERMATOLOGIST TESTED | PARABEN FREE | SULFATE FREE | NON STICKY
Medicube Deep Vita C Capsule Cream is an innovative skincare solution designed to brighten, firm, and refine skin while addressing uneven tone and dark spots. Its unique dual-texture formula combines a Vitamin Capsule cream with a transparent gel, allowing for customizable application tailored to your skin's needs.
The Vitamin Capsule is infused with 50% Sea Buckthorn Extract, 5% Niacinamide, and Pure Vitamin C, encapsulated for maximum freshness and potency. The transparent gel component, enriched with Ferulic Acid, Vitamin E, and Q10, delivers deep hydration and enhances radiance with minimal irritation. Formulated with stabilized liposome technology, this cream ensures optimal Vitamin C delivery for superior results. 
Dermatologist-tested and hypoallergenic, it offers gentle yet powerful care, making it suitable for sensitive skin. For best results, incorporate it into your daily routine and follow up with sunscreen in the morning to maintain a bright, radiant complexion.
HOW TO USE



Massage a moderate amount into the skin at the last step of the skincare and dab for better absorption.

***For external use only. Avoid contact with eyes. Do not apply to broken or inflamed skin. Keep out of reach of children. Use with care for easily irritated skin. Always patch test before use to check for sensitivity. Discontinue if irritation occurs, and consult a dermatologist if needed. Results may vary depending on individual skin type and condition. Store in cool and dry places, away from direct sunlight.


INGREDIENTS
Key Ingredients:


Hippophae Rhamnoides (Sea Buckthorn) Water: Rich in Vitamin C, brightens skin and provides antioxidant protection.

Niacinamide: Evens skin tone, reduces pigmentation, and strengthens the skin barrier.

Ascorbic Acid (Vitamin C): Powerful antioxidant that brightens skin and promotes even complexion.

Panthenol: Hydrates, soothes, and improves skin barrier function.

Adenosine: Smooths wrinkles and enhances skin elasticity.

Tocopherol (Vitamin E): Moisturizes and provides antioxidant protection.

Sodium Hyaluronate: Deeply hydrates and plumps skin, reducing fine lines.

Hippophae Rhamnoides Water, Butylene Glycol, 1,2-Hexanediol, Glycerin, Water, Niacinamide, Methylpropanediol, Propanediol, Dipropylene Glycol, Caprylic/Capric Triglyceride, Glycereth-26, Ethylhexyl Palmitate, Cetearyl Alcohol, Arginine, Cetearyl Olivate, Sorbitan Olivate, Ammonium Acryloyldimethyltaurate/VP Copolymer, Helianthus Annuus (Sunflower) Seed Oil, Glycine Soja (Soybean) Oil, Bixa Orellana Seed Oil, Tocopherol, Polyglyceryl-10 Laurate, Simethicone, Carbomer, Ethylhexylglycerin, Hydrogenated Lecithin, Polyglyceryl-10 Stearate, Panthenol, Sodium Ascorbyl Phosphate, Folic Acid, Pyridoxine, Biotin, Cyanocobalamin, Thiamine HCl, Beta-Carotene, Riboflavin, Linoleic Acid, Polyacrylate-13, Polyisobutene, Polysorbate 20, Sorbitan Isostearate, Adenosine, Fragrance, Disodium EDTA, Glyceryl Stearate, Hydrolyzed Sclerotium Gum, Gluconolactone, Sodium Hyaluronate, Ascorbyl Propyl Hyaluronate, Alpha-Arbutin, Pentylene Glycol, Hydroxyphenyl Propamidobenzoic Acid, Ascorbyl Palmitate, Ubiquinone, Ferulic acid, 3-O-Ethyl Ascorbic Acid, Ascorbyl Glucoside, Rutin, Hydroxycinnamic Acid, Bisabolol , Ascorbic Acid
*This list of ingredients represents all options or variants of this product. Actual ingredients in a given product option may vary from this list.
*Ingredients subject to change at manufacturer's discretion. For the most complete and up-to-date list of ingredients, please refer to product packaging or manufacturer's website.",,MEDICUBE Deep Vita C Capsule Cream 55g,KBeauty,"//kbeauty.ca/cdn/shop/files/MEDICUBE_Deep_Vita_C_Capsule_Cream_55g-1.png?v=1758981673&width=1000, //kbeauty.ca/cdn/shop/files/Screenshot2025-02-21015121.png?v=1758981673&width=1000, //kbeauty.ca/cdn/shop/files/Screenshot2025-02-21015311.png?v=1758981673&width=1000, //kbeauty.ca/cdn/shop/files/MEDICUBE_Deep_Vita_C_Capsule_Cream_55g.jpg?v=1758981673&width=1000, //kbeauty.ca/cdn/shop/files/new-viral-on-tiktok-deep-vita-c-capsule-cream-KBeauty_Canada.webp?v=1758981673&width=1000, //kbeauty.ca/cdn/shop/files/Screenshot2025-02-21014556.png?v=1758981673&width=1000, //kbeauty.ca/cdn/shop/files/MEDICUBE_Deep_Vita_C_Capsule_Cream_55g_2.png?v=1758981673&width=1000, //kbeauty.ca/cdn/shop/files/Screenshot2025-02-21015302.png?v=1758981673&width=1000, //kbeauty.ca/cdn/shop/files/71WtclKCuaL._SL1500.jpg?v=1758981673&width=1000, //kbeauty.ca/cdn/shop/files/Screenshot2025-02-21015111.png?v=1758981673&width=1000, //kbeauty.ca/cdn/shop/files/71B0B87l7tL._SL1500.jpg?v=1758981673&width=1000, //kbeauty.ca/cdn/shop/files/71Ayo8Pf1JL._SL1500.jpg?v=1758981673&width=1000, //kbeauty.ca/cdn/shop/files/Screenshot2025-02-21014506.png?v=1758981673&width=1000, //kbeauty.ca/cdn/shop/files/Screenshot2025-02-21015149.png?v=1758981673&width=1000, //kbeauty.ca/cdn/shop/files/Screenshot2025-02-21015233.png?v=1758981673&width=1000, //kbeauty.ca/cdn/shop/files/Medicube_Vit_c_capsule_cream_New_package.jpg?v=1758981673&width=1000, //kbeauty.ca/cdn/shop/files/Screenshot2025-02-21014533.png?v=1758981673&width=1000, //kbeauty.ca/cdn/shop/files/Screenshot2025-02-21015210.png?v=1758981673&width=1000, //kbeauty.ca/cdn/shop/files/Screenshot2025-02-21015242.png?v=1758981673&width=1000",Cream,$32.16,,111,88099827769866,,88099827769866,,,,,,$45.95,"//kbeauty.ca/cdn/shop/files/MEDICUBE_Deep_Vita_C_Capsule_Cream_55g-1.png?v=1758981673&width=1000, //kbeauty.ca/cdn/shop/files/Screenshot2025-02-21015121.png?v=1758981673&width=1000, //kbeauty.ca/cdn/shop/files/Screenshot2025-02-21015311.png?v=1758981673&width=1000, //kbeauty.ca/cdn/shop/files/MEDICUBE_Deep_Vita_C_Capsule_Cream_55g.jpg?v=1758981673&width=1000, //kbeauty.ca/cdn/shop/files/new-viral-on-tiktok-deep-vita-c-capsule-cream-KBeauty_Canada.webp?v=1758981673&width=1000, //kbeauty.ca/cdn/shop/files/Screenshot2025-02-21014556.png?v=1758981673&width=1000, //kbeauty.ca/cdn/shop/files/MEDICUBE_Deep_Vita_C_Capsule_Cream_55g_2.png?v=1758981673&width=1000, //kbeauty.ca/cdn/shop/files/Screenshot2025-02-21015302.png?v=1758981673&width=1000, //kbeauty.ca/cdn/shop/files/71WtclKCuaL._SL1500.jpg?v=1758981673&width=1000, //kbeauty.ca/cdn/shop/files/Screenshot2025-02-21015111.png?v=1758981673&width=1000, //kbeauty.ca/cdn/shop/files/71B0B87l7tL._SL1500.jpg?v=1758981673&width=1000, //kbeauty.ca/cdn/shop/files/71Ayo8Pf1JL._SL1500.jpg?v=1758981673&width=1000, //kbeauty.ca/cdn/shop/files/Screenshot2025-02-21014506.png?v=1758981673&width=1000, //kbeauty.ca/cdn/shop/files/Screenshot2025-02-21015149.png?v=1758981673&width=1000, //kbeauty.ca/cdn/shop/files/Screenshot2025-02-21015233.png?v=1758981673&width=1000, //kbeauty.ca/cdn/shop/files/Medicube_Vit_c_capsule_cream_New_package.jpg?v=1758981673&width=1000, //kbeauty.ca/cdn/shop/files/Screenshot2025-02-21014533.png?v=1758981673&width=1000, //kbeauty.ca/cdn/shop/files/Screenshot2025-02-21015210.png?v=1758981673&width=1000, //kbeauty.ca/cdn/shop/files/Screenshot2025-02-21015242.png?v=1758981673&width=1000",,,,,
,,,,8800256118885,,UPD,,,,,"Description
      







SIZE: 1.94 OZ | 55gSKIN TYPE: ALL SKIN TYPES | SENSITIVE SKIN | OILY | DRY | COMBINATION SKIN | DULLNESSIDEAL FOR: GLOWING SKIN | POWERFUL BRIGHTENING | BLEMISH | CLARIFYING | ANTI-AGING | REPAIR SKIN BARRIER | UNEVEN SKIN TONE | HYPERPIGMENTATION | INTENSE HYDRATING | CALM IRRITATION | RADIANCE | GLOWINGFORMULATION: CAPSULE CREAM | HYPOALLERGENIC | DERMATOLOGIST TESTED
Medicube PDRN Pink Collagen Capsule Cream is a lightweight, hydrating moisturizer enriched with Pink Collagen capsules that dissolve on contact to deliver deep firming and brightening care. Powered by Salmon DNA PDRN, Collagen, Hyaluronic Acid, and Niacinamide, it helps improve uneven skin tone, enhance elasticity, and restore a radiant, glass-glow complexion. The capsule formulation ensures potent absorption while supporting the skin barrier. Suitable for all skin types, including sensitive and acne-prone skin.
HOW TO USE



Massage a moderate amount into the skin at the last step of the skincare and dab for better absorption.

***For external use only. Avoid contact with eyes. Do not apply to broken or inflamed skin. Keep out of reach of children. Use with care for easily irritated skin. Always patch test before use to check for sensitivity. Discontinue if irritation occurs, and consult a dermatologist if needed. Results may vary depending on individual skin type and condition. Store in cool and dry places, away from direct sunlight.


INGREDIENTS
Key Ingredients:


Niacinamide – Brightens skin tone, reduces dullness, improves elasticity, and helps fade dark spots.

Glycerin – Powerful humectant that draws moisture into the skin for lasting hydration.

Sodium Hyaluronate / Hyaluronic Acid (various forms) – Deeply hydrates and plumps skin by retaining moisture at multiple layers.

Glutathione – Antioxidant that brightens skin and helps even out skin tone.

Hydrolyzed Collagen Extract – Enhances skin firmness and smoothness.

Adenosine – Anti-aging ingredient that helps reduce the appearance of fine lines and wrinkles.

Moringa Oleifera Seed Oil – Nourishes and softens skin, rich in antioxidants and fatty acids.

Water, Glycerin, Niacinamide, Methylpropanediol, Propanediol, 1,2-Hexanediol, Dipropylene Glycol, Caprylic/Capric Triglyceride, Glycereth-26, Arginine, Butylene Glycol, Ethylhexyl Palmitate, Cetearyl Alcohol, Carbomer, Cetearyl Olivate, Sorbitan Olivate, Ammonium Acryloyldimethyltaurate/VP Copolymer, Simethicone, Eclipta Prostrata Extract, Ethylhexylglycerin, Adenosine, Polyacrylate-13, Sodium DNA, Disodium EDTA, Melia Azadirachta Leaf Extract, Polyisobutene, Hydrolyzed Sclerotium Gum, Glyceryl Stearate, Moringa Oleifera Seed Oil, Polysorbate 20, Sorbitan Isostearate, Sodium Hyaluronate, Glutathione, Octyldodecanol, Hydroxypropyltrimonium Hyaluronate, Salmon Egg Extract, Hydrogenated Lecithin, Ceramide NP, Cyanocobalamin, Thioctic Acid, Hydrolyzed Hyaluronic Acid, Hydrolyzed Collagen Extract, Sodium Acetylated Hyaluronate, Acetyl Hexapeptide-8, Copper Tripeptide-1, Hyaluronic Acid, Caprylyl Glycol, Palmitoyl Pentapeptide-4, Hydrolyzed Sodium Hyaluronate, Palmitoyl Hexapeptide-12, Sodium Hyaluronate Crosspolymer, Potassium Hyaluronate
*This list of ingredients represents all options or variants of this product. Actual ingredients in a given product option may vary from this list.
*Ingredients subject to change at manufacturer's discretion. For the most complete and up-to-date list of ingredients, please refer to product packaging or manufacturer's website.
ABOUT BRAND
Medicube is committed to delivering clinically proven, dermatologist-developed solutions for sensitive, acne-prone, and troubled skin. The brand formulates effective skincare using safe, tested ingredients to address concerns like dryness, dullness, and enlarged pores. Made in Korea, Medicube ensures trustworthy, high-quality care at every step of your routine—so you can focus on yourself, not your skin concerns.",,MEDICUBE PDRN Pink Collagen Capsule Cream 55g,KBeauty,"//kbeauty.ca/cdn/shop/files/MEDICUBEPDRNPinkCollagenCapsuleCream_9.jpg?v=1749274093&width=1000, //kbeauty.ca/cdn/shop/files/MEDICUBEPDRNPinkCollagenCapsuleCream_2.webp?v=1749274102&width=1000, //kbeauty.ca/cdn/shop/files/MEDICUBEPDRNPinkCollagenCapsuleCream_8.jpg?v=1749274093&width=1000, //kbeauty.ca/cdn/shop/files/MEDICUBEPDRNPinkCollagenCapsuleCream_5.jpg?v=1749274102&width=1000, //kbeauty.ca/cdn/shop/files/MEDICUBEPDRNPinkCollagenCapsuleCream_3.jpg?v=1749274102&width=1000, //kbeauty.ca/cdn/shop/files/MEDICUBEPDRNPinkCollagenCapsuleCream_7.jpg?v=1749274102&width=1000, //kbeauty.ca/cdn/shop/files/MEDICUBEPDRNPinkCollagenCapsuleCream_6.jpg?v=1749274102&width=1000, //kbeauty.ca/cdn/shop/files/MEDICUBEPDRNPinkCollagenCapsuleCream_4.jpg?v=1749274102&width=1000, //kbeauty.ca/cdn/shop/files/MEDICUBEPDRNPinkCollagenCapsuleCream_1.jpg?v=1749274102&width=1000",Cream,$23.80,,112,8800256118885,,8800256118885,,,,,,$34.00,"//kbeauty.ca/cdn/shop/files/MEDICUBEPDRNPinkCollagenCapsuleCream_9.jpg?v=1749274093&width=1000, //kbeauty.ca/cdn/shop/files/MEDICUBEPDRNPinkCollagenCapsuleCream_2.webp?v=1749274102&width=1000, //kbeauty.ca/cdn/shop/files/MEDICUBEPDRNPinkCollagenCapsuleCream_8.jpg?v=1749274093&width=1000, //kbeauty.ca/cdn/shop/files/MEDICUBEPDRNPinkCollagenCapsuleCream_5.jpg?v=1749274102&width=1000, //kbeauty.ca/cdn/shop/files/MEDICUBEPDRNPinkCollagenCapsuleCream_3.jpg?v=1749274102&width=1000, //kbeauty.ca/cdn/shop/files/MEDICUBEPDRNPinkCollagenCapsuleCream_7.jpg?v=1749274102&width=1000, //kbeauty.ca/cdn/shop/files/MEDICUBEPDRNPinkCollagenCapsuleCream_6.jpg?v=1749274102&width=1000, //kbeauty.ca/cdn/shop/files/MEDICUBEPDRNPinkCollagenCapsuleCream_4.jpg?v=1749274102&width=1000, //kbeauty.ca/cdn/shop/files/MEDICUBEPDRNPinkCollagenCapsuleCream_1.jpg?v=1749274102&width=1000",,,,,
,,,,8809013349050,,UPD,,,,,"Description
      







SIZE: 2.71 FL.OZ I 80 MLSKIN TYPE: ALL SKIN TYPES | SENSITIVE SKIN | DRY SKIN IDEAL FOR: STRENGTHENS THE SKIN BARRIER | INTENSE HYDRATION | NOURISHING FORMULATION: CREAM | HYPERSENSITIVE SKIN TESTED | DERMATOLOGIST TESTED | NON-COMEDOGENIC | EYE SENSITIVITY TESTED
AESTURA Atobarrier 365 Cream is a hypoallergenic cream designed to restore damaged skin barriers and provide long-lasting hydration. It contains high-density Ceramides, Squalane, and Allantoin, which work together to nourish and hydrate the skin. The cream also has small hydrating capsules that melt upon application, leaving your skin feeling smooth and supple. This cream is perfect for those with sensitive skin types. Dematologically tested. Non comedogenic. 
HOW TO USE
Apply an appropriate amount of product to the skin before sunscreen, and gently pat until fully absorbed.
INGREDIENTS
New formulation: Water, Butylene Glycol, Glycerine, Butylene Glycol Dicaprylate/Dicaprate, Cetyl Ethylhexanoate, Squalane, Pentaerythrityl Tetraisostearate, Dicaprylyl Carbonate, Behenyl Alcohol, Dimethicone, Hydroxypropyl Bispalmitamide MEA, Stearic Acid, Betaine, Mannitol, C14-22 Alcohols, Palmitic Acid, Hydroxypropyl Bislauramide MEA, Arachidyl Alcohol, Cholesterol, Polyacrylate-13, C12-20 Alkyl Glucoside, Allantoin, Arachidyl Glucoside, Niacinamide, Ceramide NP, Glyceryl Caprylate, Ethylhexylglycerin, Hydrogenated Polyisobutene, Carbomer, Tromethamine, Dimethiconol, Polyglyceryl-10 Laurate, Hydrogenated Lecithin, Ethylhexyl Palmitate, Acrylates/Ammonium Methacrylate Copolymer, Sorbitan Isostearate, Silica, Phytosphingosine, Sphingolipids, Arachidic Acid, Tocopherol, Oleic Acidproduct packaging for the most accurate and up-to-date ingredients list.",,AESTURA Atobarrier 365 Cream 80ml,KBeauty,"//kbeauty.ca/cdn/shop/files/Korean_skincare-Aestura-Atobarrier-365-Cream-01_1024x1024_6dd5c3b4-f2f1-4f45-88fa-a825b0124cba.webp?v=1747991199&width=1000, //kbeauty.ca/cdn/shop/files/71nVE6MpuiL._SL1500.jpg?v=1747991203&width=1000, //kbeauty.ca/cdn/shop/files/Aestura_Atobarrier365_Cream_2.webp?v=1747991200&width=1000, //kbeauty.ca/cdn/shop/files/71w9-IzId1L._SL1500.jpg?v=1747991206&width=1000, //kbeauty.ca/cdn/shop/files/71TwyLGuEQL._SL1500.jpg?v=1747991205&width=1000, //kbeauty.ca/cdn/shop/files/71QG9aJqRWL._SL1500.jpg?v=1747991202&width=1000, //kbeauty.ca/cdn/shop/files/Aestura_Atobarrier365_Cream_3.webp?v=1747991211&width=1000",,$43.20,,113,8809013349050,,8809013349050,,,,,,$54.00,"//kbeauty.ca/cdn/shop/files/Korean_skincare-Aestura-Atobarrier-365-Cream-01_1024x1024_6dd5c3b4-f2f1-4f45-88fa-a825b0124cba.webp?v=1747991199&width=1000, //kbeauty.ca/cdn/shop/files/71nVE6MpuiL._SL1500.jpg?v=1747991203&width=1000, //kbeauty.ca/cdn/shop/files/Aestura_Atobarrier365_Cream_2.webp?v=1747991200&width=1000, //kbeauty.ca/cdn/shop/files/71w9-IzId1L._SL1500.jpg?v=1747991206&width=1000, //kbeauty.ca/cdn/shop/files/71TwyLGuEQL._SL1500.jpg?v=1747991205&width=1000, //kbeauty.ca/cdn/shop/files/71QG9aJqRWL._SL1500.jpg?v=1747991202&width=1000, //kbeauty.ca/cdn/shop/files/Aestura_Atobarrier365_Cream_3.webp?v=1747991211&width=1000",,,,,
,,,,8809598455412,,UPD,,,,,"Description
      







SIZE: 0.85FL.OZ I 25 MLSKIN TYPE: ALL SKIN TYPESIDEAL FOR: EYE WRINKLES | NOURISHMENT | FIRMNESS | DHYDRATION BOOST | DARK CIRCLE | DULLNESS | BRIGHTENING SKIN FORMULATION: EYE CREAM
COSRX Advanced Snail Peptide Eye Cream contains 72% snail secretion filtrate that nourishes and refreshes the delicate eye area, deeply hydrating, smoothing, and brightening the skin.
HOW TO USE
After cleansing, toning and applying treatment steps, massage the cream around your eyes. Tap the area gently for better absorption.
INGREDIENTS
Snail Secretion Filtrate, Butylene Glycol, Glycerin, Helianthus Annuus (Sunflower) Seed Oil, 1,2-Hexanediol, Niacinamide, Water, Palmitic Acid, Arginine, Carbomer, Stearic Acid, Betaine, Cetearyl Olivate, Sorbitan Olivate, Sodium Polyacrylate, Allantoin, Tocopheryl Acetate, Panthenol, Hydroxyethyl Acrylate/Sodium Acryloyldimethyl Taurate Copolymer, Sodium Hyaluronate, Adenosine, Xanthan Gum, Myristic Acid, Copper Tripeptide-1, Acetyl Hexapeptide-8, Palmitoyl Pentapeptide-4, Palmitoyl Tripeptide-1, Palmitoyl Tetrapeptide-7
* Ingredients may change at the manufacturer's discretion. Please refer to the product packaging for the most accurate and up-to-date ingredients list.",,"COSRX Advanced Snail Peptide Eye Cream, 25ml",KBeauty,"//kbeauty.ca/cdn/shop/files/COSRX-Advanced-Snail-Peptide-Eye-Cream-25ml-2.jpg?v=1747991163&width=1000, //kbeauty.ca/cdn/shop/files/COSRX-Advanced-Snail-Peptide-Eye-Cream-25ml-6.jpg?v=1747991168&width=1000, //kbeauty.ca/cdn/shop/files/COSRX-Advanced-Snail-Peptide-Eye-Cream-25ml-7.jpg?v=1747991166&width=1000, //kbeauty.ca/cdn/shop/files/COSRX-Advanced-Snail-Peptide-Eye-Cream-25ml-3.jpg?v=1747991164&width=1000, //kbeauty.ca/cdn/shop/files/COSRX-Advanced-Snail-Peptide-Eye-Cream-25ml-4.jpg?v=1747991169&width=1000, //kbeauty.ca/cdn/shop/files/COSRX-Advanced-Snail-Peptide-Eye-Cream-25ml.jpg?v=1747991161&width=1000, //kbeauty.ca/cdn/shop/files/COSRX-Advanced-Snail-Peptide-Eye-Cream-25ml-5.jpg?v=1747991165&width=1000",Cream,$30.00,,114,8809598455412,,8809598455412,,,,,,,"//kbeauty.ca/cdn/shop/files/COSRX-Advanced-Snail-Peptide-Eye-Cream-25ml-2.jpg?v=1747991163&width=1000, //kbeauty.ca/cdn/shop/files/COSRX-Advanced-Snail-Peptide-Eye-Cream-25ml-6.jpg?v=1747991168&width=1000, //kbeauty.ca/cdn/shop/files/COSRX-Advanced-Snail-Peptide-Eye-Cream-25ml-7.jpg?v=1747991166&width=1000, //kbeauty.ca/cdn/shop/files/COSRX-Advanced-Snail-Peptide-Eye-Cream-25ml-3.jpg?v=1747991164&width=1000, //kbeauty.ca/cdn/shop/files/COSRX-Advanced-Snail-Peptide-Eye-Cream-25ml-4.jpg?v=1747991169&width=1000, //kbeauty.ca/cdn/shop/files/COSRX-Advanced-Snail-Peptide-Eye-Cream-25ml.jpg?v=1747991161&width=1000, //kbeauty.ca/cdn/shop/files/COSRX-Advanced-Snail-Peptide-Eye-Cream-25ml-5.jpg?v=1747991165&width=1000",,,,,
,,,,8800256114481,,UPD,,,,,"Description
      











SIZE: 3.4cm x 17.7cm | 1.3in x 6.96in | 155g | 5.46ozSKIN TYPE: ALL SKIN TYPES | SENSITIVE SKIN | OILY | DRY | DULL | COMBINATION SKIN IDEAL FOR: SOOTHING | ANTI AGING | BRIGHTENING | IMPROVE SKIN TEXTURE | INCREASE ABSORPTION | REDUCE PORE VOLUME | REDNESS | SMOOTHING TEXTURE | RADIANCEFORMULATION: SKINCARE TOOL
The Medicube Age-R Booster Pro is an advanced at-home skincare device designed to create electro-passageways, enabling deeper penetration and enhanced absorption of your skincare products for maximum benefits. It is the ultimate beauty device with 6 technologies in one.
Clinically proven to deliver remarkable results after just one use, it increases skin permeability by 490%, enhances glossiness by 574%, reduces pore volume by 285%, refines texture by 68%, minimizes temporary redness by 28%, and improves skin tone. Developed in collaboration with dermatologists, this innovative device helps unlock the full potential of your skincare routine, leaving your skin healthier, smoother, and more radiant.
For optimal results, follow the included user manual for specific techniques and consult a doctor if undergoing medical treatments or experiencing any irritation.
**All sales are final. No returns, refunds, or exchanges. 
WHAT IT DOES
Radiance without marks on the skin

No bumpy marks, No recovery time needed! Bring out the skin's natural glow with AGE-R Booster's deep absorption technology. 
AGE-R Booster creates temporary passageways on the skin layer, rapidly passing active ingredients, helps to bring back skin radiance.

Over-voltage, overload protection

Automated shutdown system in case of over-voltage or overload 

CLINICAL TESTS

Slim | 465 - 525nm

Skin permeability increase 490%
Skin glossiness improvement 57.4%
Skin pores volume improvement 28.5%
Temporary improvement of skin redness 2.8%
Skin texture improvement 6.8%
Skin brightness improvement 0.6%

*Clinical Trial Tested by the Tego science.’ / Results may vary depending on individual skin types.

WHATS INCLUDED

AGE-R Booster-H
User Manual
USB Charging Cable





HOW TO USE
 1. Prep Your Skin

After washing your face, gently apply the skin care product on your whole face.
Press and hold the power button to turn on device.
Briefly press the power button again to select intensity level (Level 1-5 available).
Press the power button twice to choose your desired LED mode.
Start on level 1 when first using the device.
Choose the level that works best as you continue using the device to glow from within!


2. Different Modes


Booster mode: Electroporation
Booster mode helps absorb active ingredients and delivers them while boosting radiance. Utilizes electroporation more stable utilization of electroporation, creating temporary fine holes for the maximized absorption of active ingredients.

MC Mode: Microcurrent
MC mode helps to volumize facial linesMicrocurrent targets the areas around the eyes, smile lines, and mouth

Derma Shot Mode : EMS
Derma Shot mode stimulates sagging skin and care for muscles to create a firmer facial contour Facial contour care by applying mid-frequency EMS optimized for facial muscles to stimulate muscles that have lost elasticity.

Air Shot Mode: Electric needles
Air shot mode helps improve pore elasticity by creating non-damaging passageways on the skin layer with electric needles. Electric needle technology forms micro holes and improves pore elasticity.

Customized Vibration Care
Different vibration patterns for each mode provide a more professional and effective care.

Radiance boosting vibration : Vibrations are designed to help the skincare product absorb deeply.

Line smoothing vibration : Vibrations are synchronized with the lifting motion.

Facial contour vibration : Vibrations are suitable for muscle care.

Pore elasticity vibration : Vibrations are intended for comprehensive pore care.

3. Glow Boosting

When the skincare is absorbed, finish with intensive care.
Fill up radiance and glow from within.
Use it every day in your skincare routine and enjoy the afterglow!

***Do not use on bare face. It is strongly recommended to use it with skincare products such as serums and creams.
All sales are final. No returns, refunds, or exchanges. 
ABOUT BRAND
Medicube is committed to delivering clinically proven, dermatologist-developed solutions for sensitive, acne-prone, and troubled skin. The brand formulates effective skincare using safe, tested ingredients to address concerns like dryness, dullness, and enlarged pores. Made in Korea, Medicube ensures trustworthy, high-quality care at every step of your routine—so you can focus on yourself, not your skin concerns.
Kbeauty is an authorized retailer of Medicube",,Medicube Age-R Booster Pro + 1 Free Silicone Mask Brush,,"//kbeauty.ca/cdn/shop/files/matrigen_spatula.jpg?v=1760205334&width=1000, //kbeauty.ca/cdn/shop/files/AGE-R_Booster_Pro_MEDICUBE_canada_4.gif?v=1760205334&width=1000, //kbeauty.ca/cdn/shop/files/AGE-R_Booster_Pro_MEDICUBE_canada_7.gif?v=1760205334&width=1000, //kbeauty.ca/cdn/shop/files/AGE-R_Booster_Pro_MEDICUBE_canada_20.gif?v=1760205334&width=1000, //kbeauty.ca/cdn/shop/files/AGE-R_Booster_Pro_MEDICUBE_canada_3.jpg?v=1760205334&width=1000, //kbeauty.ca/cdn/shop/files/AGE-R_Booster_Pro_MEDICUBE_canada_21.gif?v=1760205334&width=1000, //kbeauty.ca/cdn/shop/files/AGE-R_Booster_Pro_MEDICUBE_canada_2.jpg?v=1760205334&width=1000, //kbeauty.ca/cdn/shop/files/AGE-R_Booster_Pro_MEDICUBE_canada_1.png?v=1760205334&width=1000, //kbeauty.ca/cdn/shop/files/AGE-R_Booster_Pro_MEDICUBE_canada_8.jpg?v=1760205334&width=1000, //kbeauty.ca/cdn/shop/files/Medicube_Beauty_device_-_AGE-R_BOOSTER_PRO_EX_PINK.webp?v=1747992130&width=1000, //kbeauty.ca/cdn/shop/files/AGE-R_Booster_Pro_MEDICUBE_canada_5.gif?v=1760205334&width=1000, //kbeauty.ca/cdn/shop/files/AGE-R_Booster_Pro_MEDICUBE_canada_6.gif?v=1760205334&width=1000",Cream,$249.95,,115,8800256114481,Color:,8800256114481,,,,,,$499.00,//kbeauty.ca/cdn/shop/files/Medicube_Beauty_device_-_AGE-R_BOOSTER_PRO_EX_PINK.webp?v=1747992130&width=1000,,,,,
,,,,8800256114313,,UPD,,,,,"Description
      







SIZE: 50MLSKIN TYPE: ALL SKIN TYPES | AGED SKIN | DRY SKIN | DULL SKIN IDEAL FOR: DEEP WRINKLES | FIRMNESS | INTENSE HYDRATING | ANTI-AGING | NOIRISHMENT  | EVEN SKIN TEXTURE | REFINE PORES | RADIANCEFORMULATION: CREAM
Medicube Triple Collagen Cream is a powerful anti-aging solution designed to enhance skin elasticity, minimize signs of aging, and refine the skin's texture. Infused with premium elastin sourced from France, it helps restore a youthful appearance by improving skin firmness. This luxurious cream is formulated with collagen for a plumping effect, while Enantia Chlorantha Bark Extract and Olive Leaf Extract work to refine pores and diminish the visibility of dark spots. Hyaluronic Acid provides intense hydration, leaving the skin deeply moisturized and smooth.
Clinically tested and suitable for sensitive skin, this cream is perfect for achieving a radiant and refined complexion.
HOW TO USE



At the final step of the skincare routine, apply a moderate amount on the entire face and gently dab to absorb.
Tips: Mix with your base makeup products to aid adherence while preventing cakey makeup.

***For external use only. Always patch test before use to check for sensitivity. Discontinue if irritation occurs, and consult a dermatologist if needed. Results may vary depending on individual skin type and condition.


INGREDIENTS
Key Ingredients:


Agave Americana Stem Extract: Provides hydration and skin soothing properties.

Sodium Hyaluronate: Deeply hydrates and retains moisture in the skin.

Glycerin: Moisturizes and attracts water to the skin for enhanced hydration.

1,2-Hexanediol: Acts as a solvent and provides antimicrobial properties.

Collagen Extract: Boosts skin elasticity and helps maintain a youthful appearance.

Ceramide NP: Restores the skin’s barrier and prevents moisture loss.

Triple Deep Erasing Cream Water, Glycerin, Dipropylene Glycol, Cetearyl Alcohol, Cyclopentasiloxane, Caprylic/Capric Triglyceride, Triethylhexanoin, Hydrogenated Polydecene, 1,2-Hexanediol, Niacinamide, Hydrogenated Poly(C6-14 Olefin), Cyclohexasiloxane, Dioscorea Japonica Root Extract, Cetearyl Glucoside, Glyceryl Stearate Se, Aesculus Hippocastanum (Horse Chestnut) Extract, Pseudoalteromonas Ferment Extract, Piper Methysticum Leaf/Root/Stem Extract, Centella Asiatica Extract, Panax Ginseng Berry Extract, Oenothera Biennis (Evening Primrose) Flower Extract, Ulmus Davidiana Root Extract, Pinus Palustris Leaf Extract, Pueraria Lobata Root Extract, Enantia Chlorantha Bark Extract, Lupinus Albus Seed Extract, Olea Europaea (Olive) Leaf Extract, Cryptomeria Japonica Leaf Extract, Nelumbo Nucifera Leaf Extract, Cinnamomum Zeylanicum Bark Extract, Hydrogenated Lecithin, Argania Spinosa Kernel Oil, Sodium Hyaluronate, Helianthus Annuus (Sunflower) Seed Oil, Dimethicone, Squalane, C12-16 Alcohols, Glyceryl Stearate, Cetearyl Olivate, Sorbitan Olivate, Hydroxyethyl Acrylate/Sodium Acryloyldimethyl Taurate Copolymer, Fructose, Microcrystalline Cellulose, Butylene Glycol, Palmitic Acid, Methylpropanediol, Hydrogenated Polyisobutene, Polyquaternium-51, Betaine, Alcohol, Glycosyl Trehalose, Isononyl Isononanoate, Polyglyceryl-10 Stearate, Cellulose Gum, Hydrolyzed Corn Starch, Hydrogenated Starch Hydrolysate, Beta-Glucan, Raffinose, Biosaccharide Gum-1, Stearic Acid, Butyrospermum Parkii (Shea) Butter, Adenosine, Polyglyceryl-2 Dipolyhydroxystearate, Disodium Edta, Lecithin, Sucrose, Bisabolol, Panthenol, Inulin Lauryl Carbamate, Folic Acid, Disodium Stearoyl Glutamate, Citric Acid, Ceramide Np, Cholesterol, Ascorbyl Glucoside, Zinc Pca, Tromethamine, Palmitoyl Tripeptide-5, Saccharomyces Ferment Filtrate, Capryloyl Glycine, Hexylene Glycol, 3-O-Ethyl Ascorbic Acid, Tocopherol, Sarcosine, Maltodextrin, Saccharide Hydrolysate, Palmitoyl Pentapeptide-4, Oleanolic Acid, Hydrolyzed Elastin, Desamido Collagen, Peg-100 Stearate, Polysorbate 60, Fragrance, Ethylhexylglycerin, Potassium Sorbate, Caprylyl Glycol, Linalool, Benzyl Salicylate, Limonene, Hydroxycitronellal
*This list of ingredients represents all options or variants of this product. Actual ingredients in a given product option may vary from this list.
*Ingredients subject to change at manufacturer's discretion. For the most complete and up-to-date list of ingredients, please refer to product packaging or manufacturer's website.",,MEDICUBE Triple Collagen Cream 4.0 50mL,KBeauty,"//kbeauty.ca/cdn/shop/files/MEDICUBE_Triple_Collagen_Cream_4.0_50mL7.jpg?v=1747992192&width=1000, //kbeauty.ca/cdn/shop/files/MEDICUBE_Triple_Collagen_Cream_4.0_50mL5.jpg?v=1747992190&width=1000, //kbeauty.ca/cdn/shop/files/MEDICUBE_Triple_Collagen_Cream_4.0_50mL3.jpg?v=1747992198&width=1000, //kbeauty.ca/cdn/shop/files/MEDICUBE_Triple_Collagen_Cream_4.0_50mL_2.webp?v=1747992187&width=1000, //kbeauty.ca/cdn/shop/files/MEDICUBE_Triple_Collagen_Cream_4.0_50mL8.jpg?v=1747992195&width=1000, //kbeauty.ca/cdn/shop/files/MEDICUBE_Triple_Collagen_Cream_4.0_50mL4.jpg?v=1747992191&width=1000, //kbeauty.ca/cdn/shop/files/MEDICUBE_Triple_Collagen_Cream_4.0_50mL_6.jpg?v=1747992196&width=1000, //kbeauty.ca/cdn/shop/files/Screenshot2025-04-06at19-35-42MedicubeTripleCollagenCream4.050ml_LAMOURBeauty_Life.png?v=1747992188&width=1000, //kbeauty.ca/cdn/shop/files/Screenshot2025-04-06at19-35-37MedicubeTripleCollagenCream4.050ml_LAMOURBeauty_Life.png?v=1747992194&width=1000",Cream,$42.00,,116,8800256114313,,8800256114313,,,,,,,"//kbeauty.ca/cdn/shop/files/MEDICUBE_Triple_Collagen_Cream_4.0_50mL7.jpg?v=1747992192&width=1000, //kbeauty.ca/cdn/shop/files/MEDICUBE_Triple_Collagen_Cream_4.0_50mL5.jpg?v=1747992190&width=1000, //kbeauty.ca/cdn/shop/files/MEDICUBE_Triple_Collagen_Cream_4.0_50mL3.jpg?v=1747992198&width=1000, //kbeauty.ca/cdn/shop/files/MEDICUBE_Triple_Collagen_Cream_4.0_50mL_2.webp?v=1747992187&width=1000, //kbeauty.ca/cdn/shop/files/MEDICUBE_Triple_Collagen_Cream_4.0_50mL8.jpg?v=1747992195&width=1000, //kbeauty.ca/cdn/shop/files/MEDICUBE_Triple_Collagen_Cream_4.0_50mL4.jpg?v=1747992191&width=1000, //kbeauty.ca/cdn/shop/files/MEDICUBE_Triple_Collagen_Cream_4.0_50mL_6.jpg?v=1747992196&width=1000, //kbeauty.ca/cdn/shop/files/Screenshot2025-04-06at19-35-42MedicubeTripleCollagenCream4.050ml_LAMOURBeauty_Life.png?v=1747992188&width=1000, //kbeauty.ca/cdn/shop/files/Screenshot2025-04-06at19-35-37MedicubeTripleCollagenCream4.050ml_LAMOURBeauty_Life.png?v=1747992194&width=1000",,,,,
,,,,8809447251363,,UPD,,,,,"Description
      







SIZE: 50MLSKIN TYPE: ALL SKIN TYPES | SENSITIVE SKIN | DRY SKINIDEAL FOR: SOOTHING  | INTENSE HYDRATION | STRENGTHEN SKIN BARRIER | NURITION RICH | REVITALIZING | NON-IRRITATING | EVEN SKIN TONE FORMULATION: SLIGHT BLUE TINT (NATURALLY DERIVED) IN THE CREAM | FRAGRANCE FREE | NON-GREASY
Dr. Althea 147 Barrier Cream is a lightweight, advanced moisturizer formulated to deeply hydrate, nourish, and strengthen the skin barrier. Enriched with a patented Paeonia Albiflora Flower Extract, it promotes a resilient skin barrier, while nourishing components like avocado fruit extract, Argania spinosa kernel oil, and Camellia sinensis seed oil deliver essential nutrients.
Its unique seven-layer hyaluronic acid system provides deep hydration across multiple skin layers, leaving skin plump and revitalized. With azulene and ceramides, the cream soothes irritation and evens out skin tone, delivering a moisturized finish without greasiness. Free from artificial fragrances, colorants, and preservatives, this cream is a clean, effective solution for sensitive and dry skin.
HOW TO USE





Wash your face with a gentle cleanser suited for your skin type.


Apply less viscous skincare products like toner first.


Apply an adequate amount of the 147 Barrier Cream as your final or semi-final step in your skincare routine.



***For external use only. Always patch test before use to check for sensitivity. Discontinue if irritation occurs, and consult a dermatologist if needed. Results may vary depending on individual skin type and condition.


INGREDIENTS
Key Ingredients:


Panthenol (Pro-Vitamin B5): Soothes irritation and supports skin repair.

Sodium Hyaluronate & Hyaluronic Acid Complex: Provide deep hydration and plump skin.

Paeonia Albiflora Flower Extract: Strengthens the skin barrier and soothes inflammation.

Camellia Sinensis Seed Oil: Antioxidant-rich; soothes and protects skin.

Argania Spinosa Kernel Oil (Argan Oil): Nourishes, softens, and improves elasticity.


Water, Glycerin, Dipropylene Glycol, Cetearyl Alcohol, Caprylic/Capric Triglyceride, Methyl Trimethicone, Hydrogenated Polydecene, 1,2-Hexanediol, Phenyl Trimethicone, Vegetable Oil, Dimethicone/Vinyl Dimethicone Crosspolymer, Glyceryl Stearate Se, Cetearyl Olivate, Palmitic Acid, Sorbitan Olivate, C12-16 Alcohols, Behenyl Alcohol, Stearic Acid, Hydrogenated Lecithin, Microcrystalline Cellulose, Cetearyl Glucoside, Laminaria Japonica Extract, Eclipta Prostrata Leaf Extract, Butylene Glycol, Ceramide NP, Ethylhexylglycerin, C12-15 Alkyl Benzoate, Squalane, Ammonium Acryloyldimethyltaurate/Vp Copolymer, Panthenol, Polyglyceryl-10 Myristate, Glyceryl Polymethacrylate, Cellulose Gum, Pelargonium Graveolens Flower Oil, Cholesterol, Fructooligosaccharides, Coptis Japonica Root Extract, Disodium EDTA, Beta-Glucan, Sodium Hyaluronate, Artemisia Princeps Leaf Extract, Persea Gratissima (Avocado) Fruit Extract, Brassica Oleracea Acephala Leaf Extract, Carnosine, Hydrolyzed Hyaluronic Acid, Methylpropanediol, Maltodextrin, Hydrolyzed Gardenia Florida Extract, Guaiazulene, Arginine, Carbomer, Phenoxyethanol, Tocopherol, Camellia Sinensis Seed Oil, Argania Spinosa Kernel Oil, Beta Vulgaris (Beet) Root Extract, Chamaecyparis Obtusa Leaf Extract, Dimethylsilanol Hyaluronate, Hydrolyzed Sodium Hyaluronate, Potassium Hyaluronate, Hyaluronic Acid, Paeonia Albiflora Flower Extract, Sodium Hyaluronate Crosspolymer, Hydroxypropyltrimonium Hyaluronate, Sodium Hyaluronate Dimethylsilanol, Sodium Acetylated Hyaluronate, Oligopeptide-1
*This list of ingredients represents all options or variants of this product. Actual ingredients in a given product option may vary from this list.
*Ingredients subject to change at manufacturer's discretion. For the most complete and up-to-date list of ingredients, please refer to product packaging or manufacturer's website.",,DR ALTHEA 147 Barrier Cream 50mL,KBeauty,"//kbeauty.ca/cdn/shop/files/DR_ALTHEA_147_Barrier_Cream_50mL_4.webp?v=1747992182&width=1000, //kbeauty.ca/cdn/shop/files/DR_ALTHEA_147_Barrier_Cream_50mL_2.webp?v=1747992184&width=1000, //kbeauty.ca/cdn/shop/files/DR_ALTHEA_147_Barrier_Cream_50mL_1.webp?v=1747992171&width=1000, //kbeauty.ca/cdn/shop/files/DR_ALTHEA_147_Barrier_Cream_50mL6.webp?v=1747992177&width=1000, //kbeauty.ca/cdn/shop/files/DR_ALTHEA_147_Barrier_Cream_50mL_5.webp?v=1747992174&width=1000, //kbeauty.ca/cdn/shop/files/DR_ALTHEA_147_Barrier_Cream_50mL_3.webp?v=1747992179&width=1000, //kbeauty.ca/cdn/shop/files/DR_ALTHEA_147_Barrier_Cream_50mL_10.webp?v=1747992173&width=1000, //kbeauty.ca/cdn/shop/files/DR_ALTHEA_147_Barrier_Cream_50mL8.webp?v=1747992181&width=1000, //kbeauty.ca/cdn/shop/files/DR_ALTHEA_147_Barrier_Cream_50mL7.webp?v=1747992175&width=1000, //kbeauty.ca/cdn/shop/files/DR_ALTHEA_147_Barrier_Cream_50mL_9.webp?v=1747992178&width=1000",Cream,$28.85,,117,8809447251363,,8809447251363,,,,,,$33.95,"//kbeauty.ca/cdn/shop/files/DR_ALTHEA_147_Barrier_Cream_50mL_4.webp?v=1747992182&width=1000, //kbeauty.ca/cdn/shop/files/DR_ALTHEA_147_Barrier_Cream_50mL_2.webp?v=1747992184&width=1000, //kbeauty.ca/cdn/shop/files/DR_ALTHEA_147_Barrier_Cream_50mL_1.webp?v=1747992171&width=1000, //kbeauty.ca/cdn/shop/files/DR_ALTHEA_147_Barrier_Cream_50mL6.webp?v=1747992177&width=1000, //kbeauty.ca/cdn/shop/files/DR_ALTHEA_147_Barrier_Cream_50mL_5.webp?v=1747992174&width=1000, //kbeauty.ca/cdn/shop/files/DR_ALTHEA_147_Barrier_Cream_50mL_3.webp?v=1747992179&width=1000, //kbeauty.ca/cdn/shop/files/DR_ALTHEA_147_Barrier_Cream_50mL_10.webp?v=1747992173&width=1000, //kbeauty.ca/cdn/shop/files/DR_ALTHEA_147_Barrier_Cream_50mL8.webp?v=1747992181&width=1000, //kbeauty.ca/cdn/shop/files/DR_ALTHEA_147_Barrier_Cream_50mL7.webp?v=1747992175&width=1000, //kbeauty.ca/cdn/shop/files/DR_ALTHEA_147_Barrier_Cream_50mL_9.webp?v=1747992178&width=1000",,,,,
,,,,8806390500050,,UPD,,,,,"Description
      







SIZE: 7.78 fl. oz | 230ml  SKIN TYPE: ALL SKIN TYPE | SENSITIVE SKIN | DRY SKIN | COMBINATION SKIN | IRRITATED SKINIDEAL FOR: INTENSE HYDRATION | SKIN BARRIER STRENGTHENING | CLINICAL EFFICACY | 120-HIUR LONG -LASTING HYDRATION | SOOTHES DAMEGED SKIN | SAFE FOR BABIES | FACE & BODY CARE FORMULATION: CREAM | MIDE FORMULA | SOFT & MELTING FOMULA | CERAMIDE CAPSULE | NON-STICKY | CLEAN INGREDIENTS | UNSCENTED |  VEGAN | HYPOALLERGENIC | EYE IRRITATION TASTED 
Illiyoon Ceramide Ato Concentrate Cream is a hypoallergenic, intensely hydrating, and soothing cream for the face and body. With a patented ceramide skin complex, this cream will provide instant moisture for dry and sensitive skin. It has a non-greasy and quick-absorbing formula. Ceramide capsules melt into the skin upon contact. The skin's barrier will be strengthened and protected from environmental factors. Great for sensitive, dry, and dehydrated skin, especially during the colder months. 
HOW TO USE
Apply on cleansed skin and gently massage in.
For external use only. Always patch test. Discontinue use if you feel any discomfort. Follow additional instructions on the packaging. Individual results may vary.
INGREDIENTS

Water, Butylene Glycol, Glycerine, Dimethicone, Pentaerythrityl Tetraisostearate, Hydrogenated Poly(C6-14 Olefin), Stearic Acid, Behenyl Alcohol, Palmitic Acid, Cetyl Ethylhexanoate, 1,2-Hexanediol, Arachidyl Alcohol, C14-22 Alcohols, Hydroxypropyl Bispalmitamide MEA(Ceramide PC-104 7622ppm), Polyacrylate-13, Arachidyl Glucoside, Mannitol, C12-20 Alkyl Glucoside, Polyisobutene, Glyceryl Caprylate, Panax Ginseng Root Water, Ethylhexylglycerin, Acrylates/Ammonium Methacrylate Copolymer, Polysorbate 20, Sorbitan Isostearate, Carbomer, Perilla Ocymoides Seed Extract, Myristic Acid, Arachidic Acid, Cholesterol, Bupleurum Falcatum Root Extract, Angelica Acutiloba Root Extract, Ophiopogon Japonicus Root Extract, Glucose, Silica, Glycine Max (Soybean) Oil, Ceramide NP (4ppm), Phytosphingosine, Hydrogenated Lecithin, Tocopherol, Canola Oil, Rosmarinus Officinalis (Rosemary) Leaf Extract

This ingredient list includes all possible options or variants of this product. Actual ingredients in a specific product may differ from this list. The manufacturer may change ingredients at their discretion. For the most accurate and current list of ingredients, please check the product packaging.",,ILLIYOON Ceramide Ato Concentrate Cream 230ml,KBeauty,"//kbeauty.ca/cdn/shop/files/illiyoon-ceramide-ato-concentrate-cream-230ml.webp?v=1753573356&width=1000, //kbeauty.ca/cdn/shop/files/renew1741572275965.webp?v=1753573356&width=1000, //kbeauty.ca/cdn/shop/files/images_93f061cc-1934-4789-a049-2f677a6d90b8.jpg?v=1753573356&width=1000",Cream,$25.50,,118,8806390500050,,8806390500050,,,,,,$30.00,"//kbeauty.ca/cdn/shop/files/illiyoon-ceramide-ato-concentrate-cream-230ml.webp?v=1753573356&width=1000, //kbeauty.ca/cdn/shop/files/renew1741572275965.webp?v=1753573356&width=1000, //kbeauty.ca/cdn/shop/files/images_93f061cc-1934-4789-a049-2f677a6d90b8.jpg?v=1753573356&width=1000",,,,,
,,,,880916470122,,UPD,,,,,"Description
      







SIZE: 3.5 FL.OZ I 100 GSKIN TYPE: ALL SKIN TYPES I SENSITIVE SKIN | IRRITATED SKINIDEAL FOR: INTENSE HYDRATION | SKIN NOURISHMENT | ELASTICITY | DRYNESS | DULLNESS | HYALURONIC ACID 3,000PPMFORMULATION: CREAMCOSRX Hyaluronic Acid Intensive Cream contains Hyaluronic Acid and Sea Buckthorn Water to provide long-lasting hydration for a smooth, plump, and moisturized complexion without feeling greasy or heavy on the skin.* Individual results may vary

BENEFITS:

COSRX Advanced Snail 92 All In One Cream is an excellent option for those seeking a radiant complexion. This multi-purpose cream effectively repairs, soothes, nourishes, and hydrates sensitive and irritated skin, while also plumping and rejuvenating the skin.

What is Cosrx brand?

Cosrx has developed a global reputation as a leading South Korean cosmetics brand. It has been particularly successful in the US, Canada, and Australia. The products offer practical, dependable solutions to a variety of skin conditions, such as acne, blemishing, and discoloration.
HOW TO USE
At the last step of skincare routine (before sunscreen), take an adequate amount and gently massage onto skin until absorbed.
INGREDIENTS
Hippophae Rhamnoides Water, Glycerin, Butylene Glycol, Caprylic/Capric Triglyceride, Betaine, Helianthus Annuus (Sunflower) Seed Oil, Cetearyl Alcohol, Cetearyl Olivate, Sorbitan Olivate, Macadamia Ternifolia Seed Oil, 1,2-Hexanediol, Sodium Hyaluronate, Arginine, Panthenol, Dimethicone, Ethylhexylglycerin, Carbomer, Allantoin, Xanthan Gum, Ethyl Hexandiol.
* Ingredients may change at the manufacturer's discretion. Please refer to the product packaging for the most accurate and up-to-date ingredients list.",,COSRX Hyaluronic Acid Intensive Cream,KBeauty,"//kbeauty.ca/cdn/shop/files/COSRX-Hyaluronic-Acid-Intensive-Cream-6.jpg?v=1747991130&width=1000, //kbeauty.ca/cdn/shop/files/COSRX-Hyaluronic-Acid-Intensive-Cream.png?v=1747991136&width=1000, //kbeauty.ca/cdn/shop/files/COSRX-Hyaluronic-Acid-Intensive-Cream-3.jpg?v=1747991133&width=1000, //kbeauty.ca/cdn/shop/files/COSRX-Hyaluronic-Acid-Intensive-Cream-5.jpg?v=1747991135&width=1000, //kbeauty.ca/cdn/shop/files/COSRX-Hyaluronic-Acid-Intensive-Cream-7.jpg?v=1747991131&width=1000, //kbeauty.ca/cdn/shop/files/COSRX-Hyaluronic-Acid-Intensive-Cream-2.jpg?v=1747991137&width=1000, //kbeauty.ca/cdn/shop/files/COSRX-Hyaluronic-Acid-Intensive-Cream-4.jpg?v=1747991132&width=1000",Cream,$20.01,,119,880916470122,,880916470122,,,,,,$23.55,"//kbeauty.ca/cdn/shop/files/COSRX-Hyaluronic-Acid-Intensive-Cream-6.jpg?v=1747991130&width=1000, //kbeauty.ca/cdn/shop/files/COSRX-Hyaluronic-Acid-Intensive-Cream.png?v=1747991136&width=1000, //kbeauty.ca/cdn/shop/files/COSRX-Hyaluronic-Acid-Intensive-Cream-3.jpg?v=1747991133&width=1000, //kbeauty.ca/cdn/shop/files/COSRX-Hyaluronic-Acid-Intensive-Cream-5.jpg?v=1747991135&width=1000, //kbeauty.ca/cdn/shop/files/COSRX-Hyaluronic-Acid-Intensive-Cream-7.jpg?v=1747991131&width=1000, //kbeauty.ca/cdn/shop/files/COSRX-Hyaluronic-Acid-Intensive-Cream-2.jpg?v=1747991137&width=1000, //kbeauty.ca/cdn/shop/files/COSRX-Hyaluronic-Acid-Intensive-Cream-4.jpg?v=1747991132&width=1000",,,,,
,,,,8809576261233,,UPD,,,,,"Description
      







SIZE: 150ML ( 30ML + 20ML + 30ML + 30ML + 30ML )SKIN TYPE: ALL SKIN TYPES | SENSITIVE SKIN | OILY | DRY | COMBINATION SKIN | DULLNESSIDEAL FOR: SOOTHING | ANTI-AGING | BRIGHTENING | NIACINAMIDE | CENTELLA | EXFOLIATING | SEBUM CONTROL | PORE CARE | ELASTICITY | FINE WRINKLES | UNEVEN SKIN TONE | BARRIER REPAIR | INTENSE HYDRATING | CALM IRRITATION | RADIANCE | GLOWING | ANTIOXIDANT | ANTI INFLAMMATORY | FORMULATION: TONER | AMPOULE | CREAM | CLEANSING OIL | HYPOALLERGENIC | NON COMEDOGENIC | PARABEN FREE | SULFATE FREE | ARTIFICIAL COLOUR FREE | NON STICKY
This travel kit consists of:

Madagascar Centella Toning Toner 30mL
Madagascar Centella Ampoule Foam 20mL
Madagascar Centella Ampoule 30mL
Madagascar Centella Soothing Cream 30mL
Madagascar Centella Light Cleansing Oil 30mL
No travel bag included. 

PRODUCT DETAILS
1. Madagascar Centella Toning Toner
A lightweight exfoliating toner that gently removes sebum and dead skin cells while restoring the skin’s pH balance. Enriched with centella asiatica extract, PHA (a mild exfoliator), niacinamide for brightening, adenosine for wrinkle improvement, and hyaluronic acid for deep hydration. Certified brightening & anti-aging benefits for clear and elastic skin. Non comedogenic test complete, safe for acne skin and all other skin types.
How to Use① After cleansing, apply with a cotton pad or hands.② Pat gently for better absorption.
2. Madagascar Centella Ampoule Foam 20mL
A rich pH-balancing ampoule foam cleanser that deeply purifies the skin without stripping it (pH level of 5). Formulated with fine baking soda powder and coconut-derived surfactants, it effectively removes impurities and makeup while keeping the skin hydrated. Contains Centella Ampoule that soothes and balances skin.
How to Use① Dispense an appropriate amount and lather into foam.② Massage onto the face and rinse with lukewarm water.
3. Madagascar Centella Ampoule 30mL
SKIN1004's signature ampoule that is anti-inflammatory, hydrating, repairs the skin barrier, calms irritation, and restores the skin’s moisture and oil balance. Made with pure Madagascan  Centella Asiatica extract, which is 7 times more soothing than other centella, for maximum soothing benefits.
How to Use① After toner, apply 2-3 drops onto the skin.② Gently pat for full absorption.
4. Madagascar Centella Soothing Cream 30mL
An instant cooling and fast-absorbing moisturizer that locks in hydration and strengthens the skin barrier, while calming and relieving skin redness, especially for sensitive skin. Contains 3 essesntial components to firm skin and promote a smooth, healthy complexion: Ceramide, Cholesterol, and Fatty acids. Balances damaged skin with the closest pH level of healthy skin.
How to Use① As the final step of skincare, apply an appropriate amount evenly.② Lightly tap to enhance absorption.
PRODUCT TEXTURE 


Centella Light Cleansing Oil – Lightweight, water-like oil that effortlessly removes impurities without leaving residue.

Centella Ampoule Foam – Creamy paste that transforms into a rich, dense foam for a deep yet gentle cleanse.

Centella Toning Toner – Clear, watery formula that absorbs quickly without stickiness.

Centella Ampoule – Slippery, fast-absorbing serum that hydrates without leaving a greasy finish.

Centella Soothing Cream – Non-sticky and lightweight gel-cream with a silky texture that glides smoothly and locks in moisture.



***For external use only. Always patch test before use to check for sensitivity. Discontinue if irritation occurs, and consult a dermatologist if needed. Results may vary depending on individual skin type and condition.


INGREDIENTS
Key Ingredients:


Centella Asiatica Extract – Soothes inflammation, promotes wound healing, and strengthens the skin barrier.

Glycerin – Deeply hydrates and maintains skin moisture balance.

Butylene Glycol & Propanediol – Humectants that draw moisture into the skin, keeping it hydrated.

1,2-Hexanediol – Preservative and humectant with antimicrobial properties.

Niacinamide – Brightens skin, improves texture, and controls sebum production.

Adenosine – Reduces fine lines and wrinkles while boosting skin elasticity.

Hyaluronic Acid & Sodium Hyaluronate – Deep hydration and plumping effect for a youthful glow.

Sodium Bicarbonate – Helps remove impurities and balances pH.

Coptis Chinensis Root Extract – Antioxidant-rich and anti-inflammatory, soothes irritated skin.

Simmondsia Chinensis (Jojoba) Seed Oil – Balances sebum production and hydrates.

Tranexamic Acid – Brightens skin and helps with hyperpigmentation.

Ceramide NP, Ceramide AS, Ceramide AP, Ceramide EOP – Strengthen the skin barrier and prevent moisture loss.


Centella Ampoule
Water, Glycerin, Butylene Glycol, Centella Asiatica Extract, 1,2-Hexanediol, Cellulose Gum, Ethylhexylglycerin
Centella Toning Toner
Water, Dipropylene Glycol, Centella Asiatica Extract, 1,2-Hexanediol, Niacinamide, Sodium Citrate, Gluconolactone, Ethylhexylglycerin, Adenosine, Disodium EDTA, Dipotassium Glycyrrhizate, Betaine, Hyaluronic Acid, Carbomer, Tromethamine
Centella Ampoule Foam
Water, Sodium Cocoyl Isethionate, Glycerin, Sodium Methyl Cocoyl Taurate, Coco-Betaine, Centella Asiatica Extract, Potassium Cocoyl Glycinate, 1,2-Hexanediol, Potassium Cocotate, Potassium Benzoate, Polyquaternium-67, Citric Acid, Sodium Chloride, Butylene Glycol, Dextrin, Theobroma Cacao (Cocoa) Extract, Disodium EDTA, Sodium Acetate, Sodium Bicarbonate, Coptis Chinensis Root Extract, Sodium Hyaluronate, Cnidium Monnieri Fruit Extract, Eclipta Prostrata Extract
Centella Light Cleansing Oil
Ethylhexyl Stearate, Cetyl Ethylhexanoate, Sorbeth-30 Tetraoleate, Caprylic/Capric Triglyceride, Citrus Aurantium Bergamia (Bergamot) Fruit Oil, Centella Asiatica Extract, Simmondsia Chinensis (Jojoba) Seed Oil, Olea Europaea (Olive) Fruit Oil, Helianthus Annuus (Sunflower) Seed Oil, Ethylhexylglycerin, Pelargonium Graveolens Flower Oil, Rosa Damascena Flower Oil, Limonene, Linalool
Centella Soothing Cream
Water, Glycerin, Propanediol, Dipropylene Glycol, Cyclopentasiloxane, Centella Asiatica Extract, 1,2-Hexanediol, Cyclohexasiloxane, Trehalose, Caprylyl Methicone, C12-14 Pareth-12, Carbomer, Tromethamine, C30-45 Alkyl Cetearyl Dimethicone Crosspolymer, Ammonium Acryloyldimethyltaurate/VP Copolymer, Butylene Glycol, Xanthan Gum, Zingiber Officinale (Ginger) Root Extract, Mentha Piperita (Peppermint) Leaf Extract, Ethylhexylglycerin, Dipotassium Glycyrrhizate, Tranexamic Acid, Dextrin, Theobroma Cacao (Cocoa) Seed Extract, Lactobacillus/Radish Root Ferment Filtrate, Biosaccharide Gum-1, Disodium EDTA, Sodium Hyaluronate, Beta-Glucan, Hydrogenated Lecithin, Coptis Chinensis Root Extract, Cetearyl Alcohol, Stearic Acid, Ceramide NP, Cholesterol, Phytosphingosine, Ceramide AS, Ceramide AP, Ceramide EOP
*This list of ingredients represents all options or variants of this product. Actual ingredients in a given product option may vary from this list.
*Ingredients subject to change at manufacturer's discretion. For the most complete and up-to-date list of ingredients, please refer to product packaging or manufacturer's website.",,SKIN1004 Madagascar Centella Travel Kit Box 150mL,KBeauty,"//kbeauty.ca/cdn/shop/files/skin1004-others--madagascar-centella-travel-kit-36440508367094_1440x_44639597-ad5e-492a-b058-7176d7dad082.webp?v=1747992449&width=1000, //kbeauty.ca/cdn/shop/files/SKIN1004_Madagascar_Centella_Travel_Kit_-_3_2048x2048_f7a6579b-4e8d-46cb-b372-4a66a09c2d95.webp?v=1747992460&width=1000, //kbeauty.ca/cdn/shop/files/SKIN1004_Madagascar_Centella_Travel_Kit_-_7_2048x2048_c98bfa60-7cea-4c45-9c45-8be58163491e.webp?v=1747992455&width=1000, //kbeauty.ca/cdn/shop/files/skin1004-others--madagascar-centella-travel-kit-36440453349622_1440x_70ac9dcd-5b55-4860-b52c-3e83a1b5f6c7.jpg?v=1747992451&width=1000, //kbeauty.ca/cdn/shop/files/skin1004-others-centella-travel-kit-40032160940278_1440x_bb62f2ea-199c-4017-9f79-d6102d6a53cb.webp?v=1747992453&width=1000, //kbeauty.ca/cdn/shop/files/SKIN1004_Madagascar_Centella_Travel_Kit_-_5_2048x2048_b846dd75-4ba0-49e5-943a-da265d270c35.webp?v=1747992456&width=1000, //kbeauty.ca/cdn/shop/files/SKIN1004_Madagascar_Centella_Travel_Kit_-_4_2048x2048_2ac9387d-fc85-40ad-b8c9-24ea74632dad.webp?v=1747992448&width=1000, //kbeauty.ca/cdn/shop/files/skin1004-others--madagascar-centella-travel-kit-36440454103286_1440x_ffc635c6-9bf1-4bc0-a796-10983aad9e4d.jpg?v=1747992446&width=1000, //kbeauty.ca/cdn/shop/files/skin1004-others-centella-travel-kit-40800422625526_1440x_a32db695-6093-4158-b77a-ec6dcfdfe3b8.webp?v=1747992462&width=1000, //kbeauty.ca/cdn/shop/files/SKIN1004_Madagascar_Centella_Travel_Kit_-_6_2048x2048_aa90f331-0d67-4e99-879e-96c25be2ae41.webp?v=1747992459&width=1000, //kbeauty.ca/cdn/shop/files/skin1004-others--madagascar-centella-travel-kit-30443752063133_1440x_068ba325-fc2e-4ca0-993b-dece26ae2ee7.webp?v=1747992457&width=1000, //kbeauty.ca/cdn/shop/files/SKIN1004_Madagascar_Centella_Travel_Kit_-_2_2048x2048_3e8e6b61-e4b0-4045-ae9f-a013a95b3881.webp?v=1747992452&width=1000, //kbeauty.ca/cdn/shop/files/skin1004-others--madagascar-centella-travel-kit-36440491786486_1440x_519b23fe-894b-40bb-93ab-7739f43c7e93.jpg?v=1747992445&width=1000",Cream,$29.95,,120,8809576261233,,8809576261233,,,,,,$36.95,"//kbeauty.ca/cdn/shop/files/skin1004-others--madagascar-centella-travel-kit-36440508367094_1440x_44639597-ad5e-492a-b058-7176d7dad082.webp?v=1747992449&width=1000, //kbeauty.ca/cdn/shop/files/SKIN1004_Madagascar_Centella_Travel_Kit_-_3_2048x2048_f7a6579b-4e8d-46cb-b372-4a66a09c2d95.webp?v=1747992460&width=1000, //kbeauty.ca/cdn/shop/files/SKIN1004_Madagascar_Centella_Travel_Kit_-_7_2048x2048_c98bfa60-7cea-4c45-9c45-8be58163491e.webp?v=1747992455&width=1000, //kbeauty.ca/cdn/shop/files/skin1004-others--madagascar-centella-travel-kit-36440453349622_1440x_70ac9dcd-5b55-4860-b52c-3e83a1b5f6c7.jpg?v=1747992451&width=1000, //kbeauty.ca/cdn/shop/files/skin1004-others-centella-travel-kit-40032160940278_1440x_bb62f2ea-199c-4017-9f79-d6102d6a53cb.webp?v=1747992453&width=1000, //kbeauty.ca/cdn/shop/files/SKIN1004_Madagascar_Centella_Travel_Kit_-_5_2048x2048_b846dd75-4ba0-49e5-943a-da265d270c35.webp?v=1747992456&width=1000, //kbeauty.ca/cdn/shop/files/SKIN1004_Madagascar_Centella_Travel_Kit_-_4_2048x2048_2ac9387d-fc85-40ad-b8c9-24ea74632dad.webp?v=1747992448&width=1000, //kbeauty.ca/cdn/shop/files/skin1004-others--madagascar-centella-travel-kit-36440454103286_1440x_ffc635c6-9bf1-4bc0-a796-10983aad9e4d.jpg?v=1747992446&width=1000, //kbeauty.ca/cdn/shop/files/skin1004-others-centella-travel-kit-40800422625526_1440x_a32db695-6093-4158-b77a-ec6dcfdfe3b8.webp?v=1747992462&width=1000, //kbeauty.ca/cdn/shop/files/SKIN1004_Madagascar_Centella_Travel_Kit_-_6_2048x2048_aa90f331-0d67-4e99-879e-96c25be2ae41.webp?v=1747992459&width=1000, //kbeauty.ca/cdn/shop/files/skin1004-others--madagascar-centella-travel-kit-30443752063133_1440x_068ba325-fc2e-4ca0-993b-dece26ae2ee7.webp?v=1747992457&width=1000, //kbeauty.ca/cdn/shop/files/SKIN1004_Madagascar_Centella_Travel_Kit_-_2_2048x2048_3e8e6b61-e4b0-4045-ae9f-a013a95b3881.webp?v=1747992452&width=1000, //kbeauty.ca/cdn/shop/files/skin1004-others--madagascar-centella-travel-kit-36440491786486_1440x_519b23fe-894b-40bb-93ab-7739f43c7e93.jpg?v=1747992445&width=1000",,,,,
,,,,8800256113101,,UPD,,,,,"Description
      







SIZE: 50MLSKIN TYPE: ALL SKIN TYPES | SENSITIVE SKIN | DRY SKIN | OILY SKIN | DULL SKIN | ACNE PRONEIDEAL FOR: BRIGHTENING & BLEMISH | POST ACNE HEALING | INTENSE HYDRATION | RADIANCE  | STRENGTHEN SKIN BARRIER  | HYPERPIGMENTATION | SKIN TONE | EVEN SKIN TEXTURE | REDNESS | BOOSTER PRO WITH SYNERGISTIC EFFECTSFORMULATION: CREAM | WATERY REXTURE | HYPOALLERGENIC | NON-COMEDOGENIC
Achieve clear, hydrated, and radiant skin with this advanced moisturizer formulated with 58 powerful ingredients, including Niacinamide, Salmon PDRN, AHA, ceramides, hyaluronic acid, and peptides. Designed to erase blemishes and prevent future ones, it strengthens the skin barrier, brightens dull skin, and improves discoloration and blemish-prone areas.
Featuring 10 layers of hyaluronic acid, it deeply hydrates and forms a robust moisture barrier, while Niacinamide and PDRN improve skin tone and texture. With a lightweight, non-sticky texture, this cruelty-free and reef-safe moisturizer is perfect for acne-prone, sensitive, dry, and oily skin, offering benefits for anti-aging, pore reduction, scar healing, and brightening.
What is PDRN?
Salmon DNA PDRN Salmon PDRN is a form of DNA extracted from salmon. The extraction process isolates small DNA fragments that are highly compatible with human skin cells due to their structural similarity to human DNA. This compatibility enhances the skin’s natural barrier, making it stronger and more resilient. *The above information pertains only to the characteristics of the raw materials
HOW TO USE



1. At the last stage of skincare, apply a moderate amount to the skin.2. Gently pat for better absorption.

***For external use only. Always patch test before use to check for sensitivity. Discontinue if irritation occurs, and consult a dermatologist if needed. Results may vary depending on individual skin type and condition.


INGREDIENTS
Key Ingredients:


Betaine: Hydrates and reduces skin irritation.

Niacinamide: Brightens skin, reduces redness, and minimizes pores.

Adenosine: Smoothens wrinkles and improves skin elasticity.

Hyaluronic Acid Complex (Various Forms): Deeply hydrates, plumps, and retains moisture in all layers of the skin.

Centella Asiatica Extract: Soothes irritation and promotes healing.

Water, Disodium EDTA, Betaine, Niacinamide, Adenosine, Citric Acid, Panthenol, Glycereth-26, Glycerin, Glyceryl Acrylate/Acrylic Acid Copolymer, Butylene Glycol, Hydroxyethyl Acrylate/Sodium Acryloyldimethyl Taurate Copolymer, Sorbitan Isostearate, Cetearyl Olivate, Sorbitan Olivate, Caprylic/Capric Triglyceride, Limnanthes Alba (Meadowfoam) Seed Oil, Hydrogenated Polydecene, Isononyl Isononanoate, Hydrogenated Lecithin, Cetearyl Alcohol, Stearic acid, Ceramide EOP, Ceramide NS, Ceramide NP, Ceramide AS, Ceramide AP, Phytosphingosine, Cholesterol, Cyclopentasiloxane, Sodium DNA, Ethylhexyl Olivate, Sodium Acrylates Copolymer, Polyglyceryl-4 Oleate, 1,2-Hexanediol, Copper Tripeptide-1, Acetyl Hexapeptide-8, Palmitoyl Pentapeptide-4, Palmitoyl Tripeptide-1, Palmitoyl Tetrapeptide-7, Sodium Hyaluronate, Hydroxypropyltrimonium Hyaluronate, Sodium Acetylated Hyaluronate, Hydrolyzed Hyaluronic Acid, Hyaluronic Acid, Sodium Hyaluronate Crosspolymer, Hydrolyzed Sodium Hyaluronate, Potassium Hyaluronate, Fucus Vesiculosus Extract, Prunella Vulgaris Extract, Momordica Charantia Fruit Extract, Hibiscus Esculentus Fruit Extract, Morinda Citrifolia Fruit Extract, Centella Asiatica Leaf Extract, Ethylhexylglycerin, Fragrance, Cyanocobalamin, Sodium Polyacryloyldimethyl Taurate
*This list of ingredients represents all options or variants of this product. Actual ingredients in a given product option may vary from this list.
*Ingredients subject to change at manufacturer's discretion. For the most complete and up-to-date list of ingredients, please refer to product packaging or manufacturer's website.",,MEDICUBE PDRN Pink Hyaluronic Moisturizing Cream 50mL,KBeauty,"//kbeauty.ca/cdn/shop/files/MEDICUBE_PDRN_Pink_Hyaluronic_Moisturizing_Cream_50mL_4.png?v=1747992207&width=1000, //kbeauty.ca/cdn/shop/files/MEDICUBE_PDRN_Pink_Hyaluronic_Moisturizing_Cream_50mL_6.png?v=1747992209&width=1000, //kbeauty.ca/cdn/shop/files/MEDICUBE-PDRN-Pink-Hyaluronic-Moisturizing-Cream-50ml_02.jpg?v=1747992211&width=1000, //kbeauty.ca/cdn/shop/files/MEDICUBE_PDRN_Pink_Hyaluronic_Moisturizing_Cream_50mL8.png?v=1747992210&width=1000, //kbeauty.ca/cdn/shop/files/MEDICUBE_PDRN_Pink_Hyaluronic_Moisturizing_Cream_50mL3.png?v=1747992212&width=1000, //kbeauty.ca/cdn/shop/files/MEDICUBE_PDRN_Pink_Hyaluronic_Moisturizing_Cream_50mL_1.jpg?v=1747992206&width=1000",Cream,$22.45,,121,8800256113101,,8800256113101,,,,,,$24.95,"//kbeauty.ca/cdn/shop/files/MEDICUBE_PDRN_Pink_Hyaluronic_Moisturizing_Cream_50mL_4.png?v=1747992207&width=1000, //kbeauty.ca/cdn/shop/files/MEDICUBE_PDRN_Pink_Hyaluronic_Moisturizing_Cream_50mL_6.png?v=1747992209&width=1000, //kbeauty.ca/cdn/shop/files/MEDICUBE-PDRN-Pink-Hyaluronic-Moisturizing-Cream-50ml_02.jpg?v=1747992211&width=1000, //kbeauty.ca/cdn/shop/files/MEDICUBE_PDRN_Pink_Hyaluronic_Moisturizing_Cream_50mL8.png?v=1747992210&width=1000, //kbeauty.ca/cdn/shop/files/MEDICUBE_PDRN_Pink_Hyaluronic_Moisturizing_Cream_50mL3.png?v=1747992212&width=1000, //kbeauty.ca/cdn/shop/files/MEDICUBE_PDRN_Pink_Hyaluronic_Moisturizing_Cream_50mL_1.jpg?v=1747992206&width=1000",,,,,
,,,,8809695240584,,UPD,,,,,"Description
      







SIZE: 50MLSKIN TYPE: ALL SKIN TYPES | SENSITIVE SKIN | OILY | DRY | COMBINATION SKIN | DULLNESS | ACNE PRONE SKIN IDEAL FOR: WRINKLES | PIMENTATION | SKIN TEXTURE | TROUBLE SKIN | ANTI-AGING | BRIGHTENING | PORE CARE | IMPROVES TEXTURE | INTENSE HYDRATING | CALM IRRITATION | NOURISHING | ELASTICITY | BRIGHTENING | RADIANCEFORMULATION: CREAM 
This advanced anti-aging cream harnesses the power of 1% Retinal Liposome and Lactobacillus/Rice Ferment to reduce fine lines, wrinkles, and uneven skin tone while improving elasticity and brightness with minimal irritation.
Formulated with Bakuchiol, Vitamin C & E, and 3 types of Peptides, it supports collagen production for a firmer, smoother complexion. The Liposome delivery system ensures deep penetration for maximum effectiveness, while Centella Asiatica and Panthenol provide soothing hydration and strengthen the skin barrier. Enriched with 5 herbal root extracts and Lactobacillus/Panax Ginseng Root Ferment Filtrate, it delivers antioxidant protection and calms the skin. The smooth, creamy texture absorbs quickly without stickiness, leaving skin soft, radiant, and refreshed.
Suitable for all skin types, especially aging and mature skin, and ideal for addressing wrinkles, pigmentation, texture, and troubled skin.
HOW TO USE




Apply a pea-sized amount of the cream to your face and neck as part of your nighttime skincare routine.
Start using 2-3 times a week, gradually increasing frequency as your skin adjusts.
Always use sunscreen during the day when incorporating retinoids into your routine.



***For external use only. Avoid contact with eyes. Do not apply to broken or inflamed skin. Keep out of reach of children. Use with care for easily irritated skin. Always patch test before use to check for sensitivity. Discontinue if irritation occurs, and consult a dermatologist if needed. Results may vary depending on individual skin type and condition. Store in cool and dry places, away from direct sunlight.


INGREDIENTS
Key Ingredients:


Retinal Liposome (1%): An advanced form of Vitamin A that stimulates collagen production and accelerates skin renewal.

Tocopherol (Vitamin E): Antioxidant that protects skin from free radical damage.

Bakuchiol: Plant-based retinol alternative that reduces fine lines and improves skin texture.

Niacinamide: Brightens skin, reduces hyperpigmentation, and improves barrier function.

Lactobacillus/Panax Ginseng Root Ferment Filtrate: Energizes, revitalizes, and promotes skin elasticity.

Lactobacillus/Rice Ferment (1,000 ppm): Brightens and evens skin tone while providing antioxidants.


Centella Asiatica Extract: Calms irritation and supports skin healing.

Panthenol (Vitamin B5): Hydrates and soothes the skin while improving its barrier function.

Allantoin: Soothes and calms irritation while promoting skin healing.

Adenosine: Reduces wrinkles and improves skin elasticity.

Ceramides: Restore and strengthen the skin's protective barrier.


Water, Cetyl Ethylhexanoate, Glycerin, Butylene Glycol, 1,2-Hexanediol, Niacinamide, Propanediol, Ammonium Acryloyldimethyltaurate/VP Copolymer, Carbomer, Tromethamine, Sodium Acrylate/Sodium Acryloyldimethyl Taurate Copolymer, Polyisobutene, Caprylic/Capric Triglyceride, Lactobacillus/Panax Ginseng Root Ferment Filtrate, Lactobacillus/Rice Ferment(1,000 ppm), Lactobacillus/ Soybean Ferment Extract, Macadamia Ternifolia Seed Oil, Saccharomyces/Coix Lacryma-Jobi Ma-yuen Seed Ferment Filtrate, Saccharomyces/Potato Extract Ferment Filtrate, Xanthan Gum, Hydrogenated Lecithin, Disodium EDTA, Ethylhexylglycerin, Allantoin, Caprylyl Glycol, Adenosine, Glyceryl Acrylate/Acrylic Acid Copolymer, Caprylyl/Capryl Glucoside, Cholesterol, Polyglyceryl-10 Oleate, Sorbitan Oleate, Brassica Campestris (Rapeseed) Sterols, Phytosteryl/Behenyl/Octyldodecyl Lauroyl Glutamate, Retinal(100 ppm), Silica, Aluminum/Magnesium Hydroxide Stearate, Tocopherol, Potassium Cetyl Phosphate, Pentaerythrityl Tetra-di-t-butyl Hydroxyhydrocinnamate, Arctium Lappa Root Extract, Cnidium Officinale Root Extract, Dioscorea Japonica Root Extract, Paeonia Suffruticosa Root Extract, Rehmannia Chinensis Root Extract, 3-0-Ethyl Ascorbic Acid, Bakuchiol, sh-Oligopeptide-1, sh-Oligopeptide-2, sh-Polypeptide-1
*This list of ingredients represents all options or variants of this product. Actual ingredients in a given product option may vary from this list.
*Ingredients subject to change at manufacturer's discretion. For the most complete and up-to-date list of ingredients, please refer to product packaging or manufacturer's website.",,KSECRET SEOUL 1988 CREAM: Retinal Liposome 1% + Fermented Rice 50mL,KBeauty,"//kbeauty.ca/cdn/shop/files/Screenshot2025-03-09at03-49-07KSECRET-SEOUL1988CreamRetinalLiposome1_FermentedRiceYesStyle.png?v=1747992609&width=1000, //kbeauty.ca/cdn/shop/files/KSECRET-SEOUL1988CreamRetinalLiposome1_FermentedRiceYesStyle.png?v=1747992608&width=1000, //kbeauty.ca/cdn/shop/files/Screenshot2025-03-09at03-49-30KSECRET-SEOUL1988CreamRetinalLiposome1_FermentedRiceYesStyle.png?v=1747992619&width=1000, //kbeauty.ca/cdn/shop/files/71kA83-Er-L._SL1500.jpg?v=1747992613&width=1000, //kbeauty.ca/cdn/shop/files/Screenshot2025-03-09at03-48-00KSECRET-SEOUL1988CreamRetinalLiposome1_FermentedRiceYesStyle.png?v=1747992618&width=1000, //kbeauty.ca/cdn/shop/files/Screenshot2025-03-09at03-48-52KSECRET-SEOUL1988CreamRetinalLiposome1_FermentedRiceYesStyle.png?v=1747992612&width=1000, //kbeauty.ca/cdn/shop/files/Screenshot2025-03-09at03-50-11KSECRET-SEOUL1988CreamRetinalLiposome1_FermentedRiceYesStyle.png?v=1747992617&width=1000, //kbeauty.ca/cdn/shop/files/Screenshot2025-03-09at03-48-11KSECRET-SEOUL1988CreamRetinalLiposome1_FermentedRiceYesStyle.png?v=1747992622&width=1000, //kbeauty.ca/cdn/shop/files/Screenshot2025-03-09at03-48-27KSECRET-SEOUL1988CreamRetinalLiposome1_FermentedRiceYesStyle.png?v=1747992616&width=1000, //kbeauty.ca/cdn/shop/files/SEOUL_1968_Cream_Retinol_Liposome_1_Fermented_Rice_50mL.jpg?v=1747992605&width=1000, //kbeauty.ca/cdn/shop/files/Screenshot2025-03-09at03-49-59KSECRET-SEOUL1988CreamRetinalLiposome1_FermentedRiceYesStyle.png?v=1747992611&width=1000, //kbeauty.ca/cdn/shop/files/Screenshot2025-03-09at03-49-40KSECRET-SEOUL1988CreamRetinalLiposome1_FermentedRiceYesStyle.png?v=1747992614&width=1000, //kbeauty.ca/cdn/shop/files/SEOUL_1968_Cream_Retinol_Liposome_1_Fermented_Rice_50mL_2.jpg?v=1747992606&width=1000, //kbeauty.ca/cdn/shop/files/Screenshot2025-03-09at03-49-18KSECRET-SEOUL1988CreamRetinalLiposome1_FermentedRiceYesStyle.png?v=1747992621&width=1000, //kbeauty.ca/cdn/shop/files/KSECRET_SEOUL_1968_Cream_Retinol_Liposome_1_Fermented_Rice_50mL.jpg?v=1747992623&width=1000",Cream,$28.95,,122,8809695240584,,8809695240584,,,,,,,"//kbeauty.ca/cdn/shop/files/Screenshot2025-03-09at03-49-07KSECRET-SEOUL1988CreamRetinalLiposome1_FermentedRiceYesStyle.png?v=1747992609&width=1000, //kbeauty.ca/cdn/shop/files/KSECRET-SEOUL1988CreamRetinalLiposome1_FermentedRiceYesStyle.png?v=1747992608&width=1000, //kbeauty.ca/cdn/shop/files/Screenshot2025-03-09at03-49-30KSECRET-SEOUL1988CreamRetinalLiposome1_FermentedRiceYesStyle.png?v=1747992619&width=1000, //kbeauty.ca/cdn/shop/files/71kA83-Er-L._SL1500.jpg?v=1747992613&width=1000, //kbeauty.ca/cdn/shop/files/Screenshot2025-03-09at03-48-00KSECRET-SEOUL1988CreamRetinalLiposome1_FermentedRiceYesStyle.png?v=1747992618&width=1000, //kbeauty.ca/cdn/shop/files/Screenshot2025-03-09at03-48-52KSECRET-SEOUL1988CreamRetinalLiposome1_FermentedRiceYesStyle.png?v=1747992612&width=1000, //kbeauty.ca/cdn/shop/files/Screenshot2025-03-09at03-50-11KSECRET-SEOUL1988CreamRetinalLiposome1_FermentedRiceYesStyle.png?v=1747992617&width=1000, //kbeauty.ca/cdn/shop/files/Screenshot2025-03-09at03-48-11KSECRET-SEOUL1988CreamRetinalLiposome1_FermentedRiceYesStyle.png?v=1747992622&width=1000, //kbeauty.ca/cdn/shop/files/Screenshot2025-03-09at03-48-27KSECRET-SEOUL1988CreamRetinalLiposome1_FermentedRiceYesStyle.png?v=1747992616&width=1000, //kbeauty.ca/cdn/shop/files/SEOUL_1968_Cream_Retinol_Liposome_1_Fermented_Rice_50mL.jpg?v=1747992605&width=1000, //kbeauty.ca/cdn/shop/files/Screenshot2025-03-09at03-49-59KSECRET-SEOUL1988CreamRetinalLiposome1_FermentedRiceYesStyle.png?v=1747992611&width=1000, //kbeauty.ca/cdn/shop/files/Screenshot2025-03-09at03-49-40KSECRET-SEOUL1988CreamRetinalLiposome1_FermentedRiceYesStyle.png?v=1747992614&width=1000, //kbeauty.ca/cdn/shop/files/SEOUL_1968_Cream_Retinol_Liposome_1_Fermented_Rice_50mL_2.jpg?v=1747992606&width=1000, //kbeauty.ca/cdn/shop/files/Screenshot2025-03-09at03-49-18KSECRET-SEOUL1988CreamRetinalLiposome1_FermentedRiceYesStyle.png?v=1747992621&width=1000, //kbeauty.ca/cdn/shop/files/KSECRET_SEOUL_1968_Cream_Retinol_Liposome_1_Fermented_Rice_50mL.jpg?v=1747992623&width=1000",,,,,
,,,,8809563103430,,UPD,,,,,"Description
      







SIZE: 3.38 FL OZ | 100MLSKIN TYPE: ALL SKIN TYPES | SENSITIVE SKIN | DRY | OILY | COMBINATIONIDEAL FOR: BLEMISH RECOVERY | INTENSE HYDRATING | BRIGHTENING | PANTHENOL | BAMBOO | HYALURONATE | CALMING | NON-IRRITATING | REPAIRS SKIN BARRIER | NIACINAMIDE | DEWYNESSFORMULATION: CREAM | LIGHTWEIGHT | VEGAN | CRUELTY FREE | FRAGRANCE FREE | EARTH CONSCIOUS | HYPOALLERGENIC | DERMATOLOGIST TESTED
Purito Seoul Mighty Bamboo Panthenol Cream is a skin-repairing moisturizer formulated with 10% Panthenol and Korean Damyang Bamboo Extract to strengthen the skin barrier, reduce moisture loss, and deliver long-lasting hydration. Infused with Squalane to boost moisture levels and Niacinamide to brighten and smooth, this cream supports sensitive skin with a hydration improvement of 44.63% and a 118.47% increase in moisture retention. Clinically tested for sensitive skin and hypoallergenic, it’s vegan, cruelty-free, and free of synthetic fragrance—making it a gentle, barrier-restoring essential.
HOW TO USE


For Skin Barrier Repair: Take an appropriate amount and apply evenly to the face and neck, patting gently to aid absorption. For more effective skin barrier repair results, we recommend using this in combination with Defence Barrier pH Cleanser.

For Additional Care Moisture Layer: Before bed, apply 2-3 times more than your usual amount to the face in two separate layers. Allow the first layer to absorb fully. Then, apply the second layer to create a moisturize seal to help your skin feel hydrated and strong.

***For external use only. Avoid contact with eyes. Do not apply to broken or inflamed skin. Keep out of reach of children. Do not use retinol products during pregnancy or breastfeeding. Use with care for easily irritated skin. Always patch test before use to check for sensitivity. Discontinue if irritation occurs, and consult a dermatologist if needed. Results may vary depending on individual skin type and condition. Store in cool and dry places, away from direct sunlight.
INGREDIENTS
Key Ingredients


Panthenol (Vitamin B5): Deeply hydrates, soothes irritation, and strengthens the skin barrier.

Squalane: Moisturizes and softens the skin while reinforcing the skin's lipid barrier.

Niacinamide: Brightens skin tone, reduces the appearance of pores and dark spots, and improves skin texture.

Bambusa Vulgaris (Bamboo) Extract: Rich in antioxidants; helps calm, hydrate, and support the skin barrier.

Sodium Hyaluronate: Provides deep hydration and plumps the skin by retaining moisture.

Water, Panthenol, Squalane, Butylene Glycol, 1,2-Hexanediol, Niacinamide, Bambusa Vulgaris Extract, Hydrolyzed Jojoba Esters, Acrylates/C10-30 Alkyl Acrylate Crosspolymer, Ammonium Acryloyldimethyltaurate/VP Copolymer, Hydroxyacetophenone, Tromethamine, Dipotassium Glycyrrhizate, Ethylhexylglycerin, Xanthan Gum, Disodium EDTA, Sodium Hyaluronate, Madecassoside, Asiaticoside, Asiatic Acid, Madecassic Acid, Copper Tripeptide-1
*This list of ingredients represents all options or variants of this product. Actual ingredients in a given product option may vary from this list.
*Ingredients subject to change at manufacturer's discretion. For the most complete and up-to-date list of ingredients, please refer to product packaging or manufacturer's website.
ABOUT BRAND
Purito SEOUL aims to deliver gentle yet effective skincare by combining traditional Korean ingredients with clinically backed actives, catering especially to sensitive skin. Rooted in Korean heritage, the brand focuses on soothing and revitalizing formulations, like its Centella-based Wonder Releaf line, to address redness and irritation. With a commitment to vegan, cruelty-free, and conscious formulations, Purito SEOUL creates inclusive skincare solutions designed for everyday skin health.",,PURITO SEOUL Mighty Bamboo Panthenol Cream 100mL,KBeauty,"//kbeauty.ca/cdn/shop/files/PURITO_SEOUL_Mighty_Bamboo_Panthenol_Cream_100mL_1.jpg?v=1751530723&width=1000, //kbeauty.ca/cdn/shop/files/PURITO_SEOUL_Mighty_Bamboo_Panthenol_Cream_100mL_9.jpg?v=1751531589&width=1000, //kbeauty.ca/cdn/shop/files/PURITO_SEOUL_Mighty_Bamboo_Panthenol_Cream_100mL_2.jpg?v=1751530729&width=1000, //kbeauty.ca/cdn/shop/files/PURITO_SEOUL_Mighty_Bamboo_Panthenol_Cream_100mL_5.jpg?v=1751531589&width=1000, //kbeauty.ca/cdn/shop/files/PURITO_SEOUL_Mighty_Bamboo_Panthenol_Cream_100mL_3.jpg?v=1751531589&width=1000, //kbeauty.ca/cdn/shop/files/PURITO_SEOUL_Mighty_Bamboo_Panthenol_Cream_100mL_7.jpg?v=1751531589&width=1000, //kbeauty.ca/cdn/shop/files/PURITOSEOUL_Mighty_Bamboo_Panthenol_Cream_100mL.webp?v=1751531589&width=1000, //kbeauty.ca/cdn/shop/files/PURITO_SEOUL_Mighty_Bamboo_Panthenol_Cream_100mL_6.jpg?v=1751531589&width=1000",Cream,$28.95,,123,8809563103430,,8809563103430,,,,,,,"//kbeauty.ca/cdn/shop/files/PURITO_SEOUL_Mighty_Bamboo_Panthenol_Cream_100mL_1.jpg?v=1751530723&width=1000, //kbeauty.ca/cdn/shop/files/PURITO_SEOUL_Mighty_Bamboo_Panthenol_Cream_100mL_9.jpg?v=1751531589&width=1000, //kbeauty.ca/cdn/shop/files/PURITO_SEOUL_Mighty_Bamboo_Panthenol_Cream_100mL_2.jpg?v=1751530729&width=1000, //kbeauty.ca/cdn/shop/files/PURITO_SEOUL_Mighty_Bamboo_Panthenol_Cream_100mL_5.jpg?v=1751531589&width=1000, //kbeauty.ca/cdn/shop/files/PURITO_SEOUL_Mighty_Bamboo_Panthenol_Cream_100mL_3.jpg?v=1751531589&width=1000, //kbeauty.ca/cdn/shop/files/PURITO_SEOUL_Mighty_Bamboo_Panthenol_Cream_100mL_7.jpg?v=1751531589&width=1000, //kbeauty.ca/cdn/shop/files/PURITOSEOUL_Mighty_Bamboo_Panthenol_Cream_100mL.webp?v=1751531589&width=1000, //kbeauty.ca/cdn/shop/files/PURITO_SEOUL_Mighty_Bamboo_Panthenol_Cream_100mL_6.jpg?v=1751531589&width=1000",,,,,
,,,,8809598454781,,UPD,,,,,"Description
      







SIZE: 20MLSKIN TYPE: ALL SKIN TYPES | SENSITIVE SKINIDEAL FOR: FINE WRINKLES | ANTI-AGING | ROUGH TEXTURE | UNEVEN SKIN TONE | ELASTICITY | PORESFORMULATION: LIQUID CREAM
COSRX The Retinol 0.1 is ideal for first-time retinol users and those looking to prevent and correct early signs of aging. It is suitable for those concerned with wrinkles, fine lines, and loss of skin elasticity. It also benefits acne-prone skin by helping to reduce pore size and improve skin texture. 0.1% pure retinol fades appearance of fine lines and wrinkles. Panthenol provides hydration, leaving the skin supple. Tocotrienol (Super Vitamin E) has antioxidant properties which refresh the skin. This product is artificial fragrance-free.
HOW TO USE

After using essence or serum, pat a small amount using your ring finger. Apply evenly over the face, neck, and onto parts with wrinkle concerns. Limit initial use to three times per week; gradually increase frequency to every other night, use as tolerated.
If you have sensitive skin or if you are new to vitamin A products, we recommend adjusting the amount or frequency. When using this product for the first time, apply a small amount to your skin, and monitor for any reactions. Slowly increase the amount used until you find the appropriate balance for your skin.
Always patch test. Use only as directed. Do not use on broken skin. Avoid use when pregnant or lactating. Avoid using immediately after exfoliating. Avoid use together with vitamin C or acid products. If skin irritation occurs while using this products, reduce the amount or frequency of use and discontinue use if irritation persists. Follow additional instructions on packaging. It is recommended that prior to exposure to the sun, users cover areas where retinoids have been applied with sunscreen. Contact of the product with the skin must be of limited frequency or duration. Individual results may vary.

INGREDIENTS

Water, Caprylic/Capric Triglyceride, Propanediol, Glycerin, Tocopheryl Acetate, Cetearyl Alcohol, Trehalose, Panthenol, Butyrospermum Parkii (Shea) Butter, Glycine Soja (Soybean) Oil, Ammonium Acryloyldimethyltaurate/VP Copolymer, Dimethicone, Glyceryl Polymethacrylate, Helianthus Annuus (Sunflower) Seed Oil, Polyglyceryl-10 Stearate, Hydrogenated Lecithin, Hydroxyethyl Acrylate/Sodium Acryloyldimethyl Taurate Copolymer, Carbomer, Tromethamine, Glyceryl Stearate, Polysilicone-11, Sodium Sulfite, Tocopherol, Daucus Carota Sativa (Carrot) Root Extract, Retinol (0.1%), Allantoin, Glyceryl Caprylate, Oryza Sativa (Rice) Bran Wax, Tocotrienols, Stearic Acid, Polyglyceryl-3 Methylglucose Distearate, Palmitic Acid, Disodium EDTA, Ethylhexylglycerin, Adenosine, Sorbitan Isostearate, Elaeis Guineensis (Palm) Oil, BHT, Beta-Carotene, Myristic Acid, Lauric Acid, Ascorbic Acid, Limnanthes Alba (Meadowfoam) Seed Oil, 3-O-Ethyl Ascorbic Acid, Glutathione, Sodium Hyaluronate, 1,2-Hexanediol, Hydrolyzed Hyaluronic Acid, Sodium Hyaluronate Crosspolymer, Hyaluronic Acid, Sodium Acetylated Hyaluronate.
*Ingredients subject to change at manufacturer's discretion. For the most complete and up-to-date list of ingredients, please refer to product packaging or manufacturer's website.",,COSRX The Retinol 0.1 Cream 20mL,KBeauty,"//kbeauty.ca/cdn/shop/files/COSRX_The_Retinol_0.1_Cream_20mL_15.webp?v=1747991830&width=1000, //kbeauty.ca/cdn/shop/files/COSRX_The_Retinol_0.1_Cream_20mL6.jpg?v=1747991829&width=1000, //kbeauty.ca/cdn/shop/files/COSRX_The_Retinol_0.1_Cream_20mL_13.webp?v=1747991834&width=1000, //kbeauty.ca/cdn/shop/files/COSRX_The_Retinol_0.1_Cream_20mL_18.webp?v=1747991836&width=1000, //kbeauty.ca/cdn/shop/files/COSRX_The_Retinol_0.1_Cream_20mL7.jpg?v=1747991832&width=1000, //kbeauty.ca/cdn/shop/files/COSRX_The_Retinol_0.1_Cream_20mL_19.webp?v=1747991838&width=1000, //kbeauty.ca/cdn/shop/files/COSRX_The_Retinol_0.1_Cream_20mL_12.png?v=1747991843&width=1000, //kbeauty.ca/cdn/shop/files/COSRX_The_Retinol_0.1_Cream_20mL_9.png?v=1747991840&width=1000, //kbeauty.ca/cdn/shop/files/COSRX_The_Retinol_0.1_Cream_20mL4.jpg?v=1747991833&width=1000, //kbeauty.ca/cdn/shop/files/COSRX_The_Retinol_0.1_Cream_20mL_11.jpg?v=1747991837&width=1000, //kbeauty.ca/cdn/shop/files/COSRX_The_Retinol_0.1_Cream_20mL_5.jpg?v=1747991842&width=1000, //kbeauty.ca/cdn/shop/files/the-retinol-0-1-cream-cosrx-official-5_460x_b1e7fe7f-86e4-438c-9e55-3204b26ed282.webp?v=1747991828&width=1000, //kbeauty.ca/cdn/shop/files/COSRX_The_Retinol_0.1_Cream_20mL_16.webp?v=1747991841&width=1000, //kbeauty.ca/cdn/shop/files/COSRX_The_Retinol_0.1_Cream_20mL_10.webp?v=1747991827&width=1000",Cream,$27.95,,124,8809598454781,,8809598454781,,,,,,,"//kbeauty.ca/cdn/shop/files/COSRX_The_Retinol_0.1_Cream_20mL_15.webp?v=1747991830&width=1000, //kbeauty.ca/cdn/shop/files/COSRX_The_Retinol_0.1_Cream_20mL6.jpg?v=1747991829&width=1000, //kbeauty.ca/cdn/shop/files/COSRX_The_Retinol_0.1_Cream_20mL_13.webp?v=1747991834&width=1000, //kbeauty.ca/cdn/shop/files/COSRX_The_Retinol_0.1_Cream_20mL_18.webp?v=1747991836&width=1000, //kbeauty.ca/cdn/shop/files/COSRX_The_Retinol_0.1_Cream_20mL7.jpg?v=1747991832&width=1000, //kbeauty.ca/cdn/shop/files/COSRX_The_Retinol_0.1_Cream_20mL_19.webp?v=1747991838&width=1000, //kbeauty.ca/cdn/shop/files/COSRX_The_Retinol_0.1_Cream_20mL_12.png?v=1747991843&width=1000, //kbeauty.ca/cdn/shop/files/COSRX_The_Retinol_0.1_Cream_20mL_9.png?v=1747991840&width=1000, //kbeauty.ca/cdn/shop/files/COSRX_The_Retinol_0.1_Cream_20mL4.jpg?v=1747991833&width=1000, //kbeauty.ca/cdn/shop/files/COSRX_The_Retinol_0.1_Cream_20mL_11.jpg?v=1747991837&width=1000, //kbeauty.ca/cdn/shop/files/COSRX_The_Retinol_0.1_Cream_20mL_5.jpg?v=1747991842&width=1000, //kbeauty.ca/cdn/shop/files/the-retinol-0-1-cream-cosrx-official-5_460x_b1e7fe7f-86e4-438c-9e55-3204b26ed282.webp?v=1747991828&width=1000, //kbeauty.ca/cdn/shop/files/COSRX_The_Retinol_0.1_Cream_20mL_16.webp?v=1747991841&width=1000, //kbeauty.ca/cdn/shop/files/COSRX_The_Retinol_0.1_Cream_20mL_10.webp?v=1747991827&width=1000",,,,,
